orig.ident	nCount_RNA	nFeature_RNA	percent.mt_rna	nCount_ATAC	nFeature_ATAC	nucleosome_signal	nucleosome_percentile	TSS.enrichment	TSS.percentile	FRiP	total_frag	mononucleosomal	nucleosome_free	RNA_snn_res.0.8	seurat_clusters	RNA_cluster	ATAC_snn_res.0.8	ATAC_cluster
GTTACTAAGTTATGTG-1	10x_multiomics	3452	1776	8.71958285052144	17822	8457	0.547563025210084	0.55	5.26019435110345	0.7	0.615655658421998	28948	4091	7359	2	2	2	1	0
ATAACGACAGGGAGGA-1	10x_multiomics	6118	2749	1.65086629617522	13827	7079	0.609792843691149	0.66	3.97793161612256	0.2	0.51654961147639	26768	3931	6820	3	3	3	0	1
TGTGGCGGTCATGCCC-1	10x_multiomics	6134	2834	7.74372350831431	17020	7969	0.591904445919044	0.63	4.4602281991006	0.38	0.563165905631659	30222	4396	7655	0	0	0	2	0
CGTGCTTTCGCTAGAT-1	10x_multiomics	3387	1820	7.7649837614408	25693	11709	0.57594516913553	0.6	4.83861932460063	0.54	0.60221732608288	42664	6439	10699	0	0	0	1	0
GAAAGGCTCGCAGGCT-1	10x_multiomics	9868	3614	0.912038913660316	54136	25711	0.977538654408692	0.99	3.56743406070759	0.09	0.428759246645863	126262	24262	24796	3	3	3	4	1
CTCCTCACATAACGGG-1	10x_multiomics	8299	3369	4.14507772020725	15828	7807	0.469971401334604	0.36	4.50001126692852	0.4	0.568085564568229	27862	3624	7896	5	5	5	1	0
CGAAATGAGTTAACCA-1	10x_multiomics	4818	2255	10.0249066002491	5224	2622	0.452760736196319	0.32	6.85029256457833	0.95	0.714051394204483	7316	979	1940	0	0	0	5	0
ATGGCCCAGGCATGTT-1	10x_multiomics	5190	2340	14.7013487475915	10276	5044	0.520390580126364	0.48	5.65285055080971	0.81	0.677211018848029	15174	1936	4159	2	2	2	2	0
TTGGCTACATGGAGGC-1	10x_multiomics	3344	1709	0.867224880382775	40171	17514	0.595836606441477	0.64	4.37649551573598	0.35	0.419260233368819	95814	14579	23948	2	2	2	1	0
GGCATTGTCCCAGTAG-1	10x_multiomics	3900	1985	5.17948717948718	6039	3136	0.580752212389381	0.61	4.8442466624285	0.55	0.680067567567568	8880	1291	2211	0	0	0	5	0
AAGTTAGCATAAGGAC-1	10x_multiomics	2501	1427	7.91683326669332	22836	10465	0.697173620457604	0.81	5.02147852147852	0.63	0.596022341702772	38314	6309	9014	2	2	2	1	0
GTCCGTAAGTAGCGGG-1	10x_multiomics	9681	3879	3.6773060634232	24313	11201	0.562470532767562	0.57	4.85103132161955	0.55	0.587100357384333	41412	5935	10275	3	3	3	3	1
GTAGCGCTCATTAGCA-1	10x_multiomics	7696	3273	5.56133056133056	28132	12977	0.661261965227584	0.75	4.45794205794206	0.38	0.543445504771472	51766	8166	12555	5	5	5	1	0
AAACATGCAGGATTAA-1	10x_multiomics	7378	2977	10.1518026565465	7780	4065	0.584876543209877	0.62	3.71371747518536	0.12	0.614242854887099	12666	1794	3267	3	3	3	0	1
CGATGTCCAATATAGG-1	10x_multiomics	6168	2708	8.91699092088197	8719	4464	0.602367688022284	0.65	5.8237414759154	0.85	0.621365450399088	14032	2080	3464	0	0	0	5	0
AAGTGTTGTAAGCTCA-1	10x_multiomics	3046	1697	17.0387393302692	11252	5416	0.341893252769386	0.15	5.920975576148	0.86	0.714594182649562	15746	1698	4869	2	2	2	2	0
GCCTATTGTTGCGGAT-1	10x_multiomics	4329	2187	3.11850311850312	49908	20901	0.848182378311768	0.95	4.13098195439057	0.25	0.54279685902595	91946	16781	19389	2	2	2	1	0
TATCACAAGGTTAGAG-1	10x_multiomics	5828	2932	5.42210020590254	43710	18854	0.90002881014117	0.98	4.46263580978607	0.39	0.525878871002671	83118	15380	16452	2	2	2	1	0
GGGTCACTCATCACTT-1	10x_multiomics	4542	2345	4.24922941435491	18117	8758	0.646518204312478	0.72	5.35238346559101	0.73	0.61438551275095	29488	4477	7145	0	0	0	1	0
AGCGGACCAATCATGT-1	10x_multiomics	3679	1913	3.8597444957869	28402	13167	0.767426987849073	0.89	4.73719828558538	0.5	0.558369048087131	50866	8758	11232	2	2	2	1	0
GGCTCACAGGACTTAC-1	10x_multiomics	13408	4469	16.3931980906921	5932	3064	0.546972860125261	0.54	5.02247752247752	0.63	0.628922815945717	9432	1255	2425	1	1	1	0	1
GCGTGCTAGTCATGCG-1	10x_multiomics	12710	4722	9.5279307631786	12730	6180	0.405156537753223	0.22	5.86039727144017	0.85	0.672832980972516	18920	2186	5330	1	1	1	0	1
TGGGCCTAGCCTAATA-1	10x_multiomics	7031	3260	4.52282747831034	10753	5400	0.659616655651024	0.75	5.69877883310723	0.82	0.585420296167247	18368	2897	4372	3	3	3	0	1
CTTAGTTTCAAGTGTC-1	10x_multiomics	5372	2848	5.77066269545793	23917	10668	0.470992520719628	0.37	4.93533615705561	0.59	0.562832399868217	42494	5875	12026	1	1	1	4	1
GGTTTGTAGGATTGCT-1	10x_multiomics	1128	780	18.0851063829787	9603	4824	0.5625	0.57	4.51385349344532	0.41	0.534926470588235	17952	2694	4375	1	1	1	0	1
CGTGCACAGTAGGCGG-1	10x_multiomics	4517	2208	14.1022802745185	12754	6113	0.361850720209515	0.16	5.02144913909624	0.63	0.689181886955582	18506	2065	5661	2	2	2	2	0
GTCATGCCAGCAAGAT-1	10x_multiomics	10764	3747	3.15867707172055	27997	13507	0.50564244704019	0.45	4.6880564230722	0.48	0.568998455410129	49204	6642	13025	3	3	3	4	1
GCTGTGATCTCAATTC-1	10x_multiomics	3527	2056	3.26056138361213	15100	7011	0.586809694080254	0.62	5.22263450834881	0.69	0.615572768039136	24530	3641	6167	1	1	1	0	1
TGGCCTTTCACTAATG-1	10x_multiomics	3681	2004	4.07497962510187	26467	11929	0.741152450090744	0.87	5.82750582750583	0.85	0.555422647527911	47652	8175	10795	2	2	2	1	0
TGGTTGAGTGAGCGAA-1	10x_multiomics	3215	1840	10.4199066874028	16307	8020	0.681642681642682	0.78	4.83980305408878	0.55	0.553267286421931	29474	4795	6935	1	1	1	0	1
TTGGGCGGTTCAAGAT-1	10x_multiomics	2749	1436	5.42015278283012	27877	12595	0.633706467661692	0.7	4.09348437030096	0.24	0.58144919072251	47944	7508	11543	0	0	0	1	0
AAACCGCGTATTGTGG-1	10x_multiomics	6909	3481	7.49746707193516	25344	11637	0.698696751604746	0.81	4.33533408740021	0.33	0.462616822429907	54784	9077	12695	1	1	1	4	1
GAGGCCTTCCAATTAG-1	10x_multiomics	7216	3085	5.6679600886918	5422	2833	0.524402907580478	0.49	5.04413619167717	0.64	0.531881498920934	10194	1365	2626	4	4	4	0	1
TAATCACCAGCATGAG-1	10x_multiomics	3033	1725	3.23112429937356	19127	8902	0.630224106602059	0.69	4.38199402777059	0.35	0.596191010535503	32082	5072	8011	2	2	2	1	0
TTAGTCAAGAGGAGGA-1	10x_multiomics	3517	2044	6.71026442991186	16810	7966	0.614724803431022	0.67	4.98183986556081	0.61	0.613996639637665	27378	4160	6713	1	1	1	0	1
AATGTCCAGTTTCCGC-1	10x_multiomics	4343	2111	4.48998388210914	21538	9820	0.553232462173315	0.55	5.26392212438724	0.7	0.636315291893169	33848	4949	8862	2	2	2	1	0
AGGATGCAGGCGAATA-1	10x_multiomics	3916	2020	10.0102145045965	19044	8796	0.547912285971763	0.55	4.56971599828743	0.44	0.60773551187133	31336	4438	8122	0	0	0	2	0
CTTGTCCAGGGATGAC-1	10x_multiomics	9898	3785	4.75853707819762	21826	10238	0.555349084151845	0.56	4.65432690633762	0.47	0.613089887640449	35600	5095	9206	0	0	0	1	0
TCCGGTTTCACAGGAA-1	10x_multiomics	16945	5101	11.3189731484214	17164	8348	0.371893981225842	0.18	4.87831496234859	0.56	0.583016304347826	29440	3309	8909	3	3	3	0	1
TCGGTTTGTTTATCGC-1	10x_multiomics	3001	1584	4.33188937020993	10024	4843	0.516129032258065	0.47	5.55206383020953	0.79	0.67429032692049	14866	2054	4025	2	2	2	2	0
CACATACAGCCAAATC-1	10x_multiomics	1349	1038	1.26019273535953	12976	6590	0.729383886255924	0.85	4.37340437340436	0.34	0.563096684603367	23044	3837	5147	1	1	1	0	1
GACCTAAGTACTTCAC-1	10x_multiomics	5239	2343	2.5959152510021	15307	7545	0.819692563356876	0.94	4.86339057767628	0.56	0.540692334864006	28310	4772	5885	2	2	2	1	0
ACCCGGTAGGGACCTC-1	10x_multiomics	16949	5216	11.1157000413004	21419	10227	0.623126338329764	0.69	4.72259980456703	0.5	0.571874833128638	37454	5711	9083	0	0	0	2	0
GAGCGATAGCAACATC-1	10x_multiomics	6947	3276	10.1194760328199	48139	21394	0.694312259234081	0.8	4.01747662560243	0.21	0.504527637453623	95414	15397	21820	1	1	1	3	1
GTTTAGCAGTTATTCC-1	10x_multiomics	3020	1905	0.662251655629139	21448	10371	0.733385254413292	0.86	4.27269699996972	0.3	0.497333395167648	43126	6874	10036	4	4	4	4	1
ACCGAAGCAGAGAGCC-1	10x_multiomics	4239	2298	7.69049304081151	6610	3355	0.481927710843373	0.39	5.17767946339372	0.68	0.68625415282392	9632	1294	2523	0	0	0	5	0
GAAGGCTAGTCACGAT-1	10x_multiomics	3529	1920	4.10881269481439	20654	9930	0.86557478368356	0.96	4.56917384291687	0.44	0.534994560431021	38606	6955	7830	0	0	0	2	0
AGAGATTAGGCTCATG-1	10x_multiomics	7518	3098	1.26363394519819	5719	3109	0.972758229284904	0.99	2.62018683071313	0.01	0.477538410153641	11976	2159	2370	4	4	4	0	1
CTACCGGCAGCTTAAT-1	10x_multiomics	4995	2137	6.56656656656657	11204	5400	0.477728285077951	0.38	5.88070466119246	0.86	0.682255510900012	16422	2125	4514	2	2	2	2	0
TTTAAGGTCACTTCAT-1	10x_multiomics	4691	2336	6.88552547431251	5354	2708	0.491039426523298	0.42	5.51496696075014	0.78	0.674137496852178	7942	1021	2113	1	1	1	0	1
CGCTTGCGTGATTACG-1	10x_multiomics	12664	3970	14.1819330385344	12080	6049	0.395735607675906	0.21	4.50775031420193	0.4	0.600995024875622	20100	2303	5868	3	3	3	0	1
CCTAGTTGTTTGCGAA-1	10x_multiomics	3365	1837	6.15156017830609	11278	5656	0.63412017167382	0.7	4.46220446220448	0.39	0.60595314850634	18612	2896	4569	2	2	2	2	0
AGCAGGTAGCCTTAAA-1	10x_multiomics	7831	2967	3.8436981228451	12831	6482	0.902369668246445	0.98	3.07511418622532	0.03	0.313333333333333	40950	7632	8317	4	4	4	0	1
TCAACAATCAATCTCT-1	10x_multiomics	2657	1475	0.639819345126082	17068	8119	0.731389365351629	0.86	5.21284271284273	0.69	0.553832176001038	30818	5230	6954	0	0	0	1	0
TGTAAGTGTTAGGTGC-1	10x_multiomics	4524	2284	9.4606542882405	14528	7163	0.664880461665293	0.75	4.23576423576424	0.29	0.589466850604561	24646	3878	6016	0	0	0	1	0
GGACATAAGGCCATCA-1	10x_multiomics	2651	1537	0.829875518672199	23364	10665	0.718244291731323	0.84	4.37074037074037	0.34	0.502797624171473	46468	7688	10701	2	2	2	1	0
CACATTAAGTAACAGG-1	10x_multiomics	4802	2200	4.3731778425656	8905	4331	0.389774236387782	0.2	5.01690090731193	0.62	0.730396981627297	12192	1431	3614	0	0	0	5	0
CACTAGCCAAGGTACG-1	10x_multiomics	4259	2152	1.10354543320028	55057	22783	0.739253127645565	0.86	4.08218868330185	0.24	0.482490579265621	114110	19309	25959	2	2	2	1	0
TGGCTAAGTCCGGTTC-1	10x_multiomics	6360	2523	5.34591194968553	8254	4214	0.515441176470588	0.47	5.25189096617672	0.7	0.645751838522923	12782	1747	3474	0	0	0	0	0
GAAACCCGTAGGTTGC-1	10x_multiomics	17407	4884	11.4264376400299	40906	18378	0.555494278229698	0.56	4.45799933854541	0.38	0.580523387829246	70464	10090	17933	4	4	4	4	1
TAACCTAAGGCGCTAC-1	10x_multiomics	2880	1592	7.56944444444444	16690	7978	0.524578399712953	0.49	5.06236188054372	0.64	0.641429669485012	26020	3608	6751	2	2	2	1	0
ACACTTGCAGCAACCT-1	10x_multiomics	4043	1987	5.09522631709127	9729	4665	0.32399299474606	0.14	4.9843014128728	0.61	0.736599030890369	13208	1355	4267	2	2	2	2	0
TTTGCGACAATTGAGA-1	10x_multiomics	4415	2255	8.42582106455266	10563	5079	0.384004537719796	0.19	5.74255676296491	0.83	0.72587960417812	14552	1599	4476	0	0	0	2	0
CGACTAAGTTTACTTG-1	10x_multiomics	4376	2123	9.25502742230347	18325	8853	0.70767575322812	0.83	4.73550839404498	0.5	0.604865328756271	30296	4899	6885	0	0	0	1	0
CGCTTAACAAAGCTAA-1	10x_multiomics	4419	2446	12.6951799049559	14737	7205	0.764935064935065	0.89	4.78708283586333	0.53	0.575709039768732	25598	4416	5665	1	1	1	0	1
CTGACCAAGCTGTAAC-1	10x_multiomics	2150	1225	2.7906976744186	8846	4395	0.346708463949843	0.15	4.95932638789783	0.6	0.691742258367219	12788	1395	3916	1	1	1	0	1
AACCTTGCAAGGATTA-1	10x_multiomics	7259	2866	4.03636864581898	22684	10753	0.67604840979454	0.77	5.74460999992916	0.83	0.600359940715647	37784	5877	8982	1	1	1	3	1
GTTCACCTCGTTATCT-1	10x_multiomics	3221	1910	2.17323812480596	29948	14550	0.716863033873343	0.84	4.08045562684738	0.23	0.492128701482236	60854	9785	13783	3	3	3	4	1
GCTTAAATCTGGCATG-1	10x_multiomics	4170	2055	9.95203836930456	8784	4360	0.378469871360867	0.19	5.33284896921262	0.73	0.715892420537897	12270	1392	3736	0	0	0	0	0
ACTGAAACATAAACCT-1	10x_multiomics	3346	2029	9.95218170950388	26004	12325	0.839953271028037	0.95	4.21220248434073	0.28	0.517904799840669	50210	8796	10430	1	1	1	4	1
CAGCATTAGTCATTTC-1	10x_multiomics	6288	2578	8.93765903307888	9120	4546	0.348985507246377	0.15	4.84404484404484	0.55	0.674955595026643	13512	1450	4071	0	0	0	5	0
TGCTCTCAGGAAGCTA-1	10x_multiomics	10100	3810	2.40594059405941	20786	10083	0.936545240893067	0.98	3.87252650026369	0.17	0.393495380887475	52824	10285	10738	3	3	3	3	1
GCCAGGAAGCTGTCAG-1	10x_multiomics	6031	2795	8.07494611175593	12768	6151	0.337726523887974	0.15	5.26647265777701	0.7	0.666805932734489	19148	2042	5763	1	1	1	0	1
CTACGAAGTAAAGCGG-1	10x_multiomics	3697	2030	7.76305112253178	17268	7951	0.530889341479973	0.5	4.91667800637899	0.58	0.644376446003433	26798	3755	7022	0	0	0	1	0
AAGGAAGCAGTAAGTA-1	10x_multiomics	2948	1694	3.66350067842605	26015	12282	0.435995468705749	0.29	3.61112184316607	0.1	0.440364953619067	59076	7439	17273	2	2	2	1	0
GCCTTACTCAGTGAAG-1	10x_multiomics	3371	1783	8.98843073272026	13379	6434	0.456055968517709	0.33	6.03802976684339	0.88	0.678999187982136	19704	2411	5565	2	2	2	2	0
TAGGTGCGTTGGTGAC-1	10x_multiomics	5442	2667	2.5909592061742	15323	7442	0.620449264136328	0.68	4.53831882403311	0.42	0.571497836789497	26812	4085	6242	3	3	3	0	1
TCACCTGGTCACCAAA-1	10x_multiomics	8898	3195	2.64104293099573	18145	8718	0.595723014256619	0.64	5.93231653139487	0.86	0.608198699470403	29834	4399	7483	3	3	3	3	1
GTTTGTAAGCATGGTT-1	10x_multiomics	10100	3801	16.6534653465347	13279	6722	0.553639040807741	0.56	4.15853576475339	0.26	0.561100312684864	23666	3367	5753	1	1	1	3	1
ACGCAAGCATTAAGTC-1	10x_multiomics	12560	4273	8.18471337579618	33185	15760	0.868755595344673	0.97	3.69945453433393	0.12	0.486654934741164	68190	12499	14066	3	3	3	3	1
GCAAGTGCAAGCCACT-1	10x_multiomics	2595	1490	4.04624277456647	24868	11297	0.677850774284374	0.77	4.91582150568324	0.58	0.550176991150442	45200	7350	10668	2	2	2	1	0
CAGCATTAGTCTTGAA-1	10x_multiomics	5822	2567	1.04774991411886	53933	25142	0.692741439409473	0.8	3.45833271206406	0.07	0.513364046526681	105058	17190	24353	3	3	3	3	1
TTAGGAACAAACTGTT-1	10x_multiomics	3275	1923	5.70992366412214	39928	16942	0.202537649709475	0.11	2.98956542611366	0.02	0.337303799820907	118374	8717	45460	5	5	5	2	1
ATTGACTCAATAACGA-1	10x_multiomics	2762	1612	7.78421433743664	18327	8805	0.720773243326174	0.84	5.03828301662236	0.63	0.510700551747199	35886	5865	8222	1	1	1	2	0
GAGCCACTCGGTTTCC-1	10x_multiomics	10976	3911	6.4048833819242	21077	10435	0.645868465430017	0.72	3.79926821644608	0.15	0.56909493465817	37036	5634	8802	3	3	3	3	1
GGTTAGCGTTGCCTCA-1	10x_multiomics	15060	4537	18.074369189907	62037	25953	0.687094982410665	0.79	4.13576853768241	0.25	0.547981627064747	113210	18511	26559	1	1	1	3	1
GTCTATCGTTCGCTCA-1	10x_multiomics	15293	4608	14.4379781599425	22930	11275	0.752260397830018	0.88	4.28742854778359	0.31	0.508899640463403	45058	7428	9912	3	3	3	3	1
ACGCCTAAGTGGACAA-1	10x_multiomics	3085	1782	8.0064829821718	6252	3240	0.635514018691589	0.71	5.04079254079254	0.63	0.578460399703923	10808	1736	2596	2	2	2	5	0
CTAGCGGGTGACCTGG-1	10x_multiomics	4339	2190	15.5796266420834	15911	7568	0.514029618082619	0.47	5.46602333836377	0.76	0.671350210970464	23700	3256	6232	0	0	0	1	0
AGCAATACAGACAAAC-1	10x_multiomics	5819	2489	8.42069084035058	6517	3287	0.40201850294365	0.22	6.22972533084896	0.9	0.651309214471317	10006	1138	2901	0	0	0	5	0
ATCGCCCGTTATCGAG-1	10x_multiomics	18588	5024	18.8885302345599	22490	10844	0.725821819914245	0.85	4.6941430662361	0.49	0.469441429406362	47908	7860	10595	4	4	4	4	1
TAGACCAGTTTGGGCG-1	10x_multiomics	2774	1647	10.310021629416	21254	9963	0.75894155277697	0.88	4.95374191026365	0.59	0.568258381904711	37402	6447	8437	2	2	2	1	0
TTAGCGGTCTCAATGA-1	10x_multiomics	4646	2269	9.16917778734395	8565	4308	0.541176470588235	0.53	5.56943056943057	0.79	0.654816513761468	13080	1767	3370	1	1	1	0	1
GGATTTATCTTAGTCT-1	10x_multiomics	13059	4111	10.9349873650356	9784	4928	0.463681048607318	0.35	4.99987817060993	0.62	0.586359822605777	16686	2175	4494	3	3	3	0	1
GTCCTCCCAGTCTAAT-1	10x_multiomics	5474	3098	5.13335769090245	6570	3304	0.490756302521008	0.41	4.97446478754892	0.6	0.609348914858097	10782	1499	2851	1	1	1	0	1
TCATAACCAGGTATTT-1	10x_multiomics	6209	2798	4.9927524561121	19124	9355	0.577651515151515	0.6	5.19902038889377	0.68	0.608889454915945	31408	4511	7904	1	1	1	3	1
GACATTATCCTAATGA-1	10x_multiomics	15080	4264	1.5053050397878	11559	5860	0.502024291497976	0.44	4.35855535193284	0.34	0.52689397392652	21938	2842	5813	3	3	3	3	1
CCGTTAACAGGCAAGC-1	10x_multiomics	15989	4696	9.4439927450122	23375	11494	0.487933094384707	0.41	4.30527327079051	0.31	0.532557185819739	43892	5973	11606	3	3	3	4	1
CCATAAGGTACCCACC-1	10x_multiomics	13959	3989	0.659072999498531	4815	2591	0.553030303030303	0.55	3.12068883497453	0.03	0.538831692032229	8936	1290	2213	3	3	3	0	1
TGCTTCATCCTACCTA-1	10x_multiomics	4301	2078	5.55684724482678	4999	2518	0.427732079905993	0.27	5.58360558360551	0.8	0.703688063063063	7104	841	2048	0	0	0	5	0
CGAAGCCTCGGTCAAT-1	10x_multiomics	14636	4696	4.57092101667122	269176	75207	0.670583914799853	0.76	3.82661075318903	0.16	0.419221101223201	642086	101903	150871	0	0	0	1	0
CCAGACTCACGTGCTG-1	10x_multiomics	1356	1011	1.69616519174041	16283	7893	0.744079449961803	0.87	5.71786703862177	0.82	0.583578238119131	27902	4684	6352	2	2	2	1	0
CGGCTAATCCCGAACA-1	10x_multiomics	9048	3468	5.00663129973475	40033	17094	0.633243405275779	0.7	4.7693783489238	0.52	0.586014579734754	68314	10750	16505	0	0	0	1	0
CGGGTCTAGTAATCCA-1	10x_multiomics	6410	2668	9.17316692667707	18349	8562	0.469984447900467	0.37	4.96775951321409	0.6	0.658992960781497	27844	3753	7805	0	0	0	2	0
GGACAGCCAGCATTAT-1	10x_multiomics	1604	1138	7.7930174563591	29318	14361	0.645763842561708	0.72	3.40577586086568	0.06	0.385003282994091	76150	11826	18239	1	1	1	4	1
TTCATTCAGCTCCTAC-1	10x_multiomics	1866	1362	1.92926045016077	31586	14985	0.819616685456595	0.94	4.02988316031794	0.22	0.501858972321968	62938	11015	13182	1	1	1	3	1
TTGTGCGAGGTGCGGA-1	10x_multiomics	11427	4122	10.6852192176424	7210	3757	0.518602885345482	0.48	3.83497099915014	0.16	0.592440427280197	12170	1768	3133	3	3	3	0	1
AAGCTATGTTTGGTTC-1	10x_multiomics	9945	3204	12.7300150829563	36164	16979	0.742886527254028	0.87	4.64370340403399	0.46	0.53606474756159	67462	11195	14940	3	3	3	3	1
CTAATTGAGCGAGCGA-1	10x_multiomics	2655	1554	9.94350282485876	7731	3775	0.401807723911257	0.22	6.3036063036063	0.91	0.704997264271384	10966	1297	3193	2	2	2	5	0
TGCATGAGTTGGTTGA-1	10x_multiomics	8946	3414	10.8763693270736	6814	3557	0.656195462478185	0.74	5.17521693992286	0.68	0.603115595680651	11298	1772	2762	0	0	0	5	0
ACCAAGCGTCCAAGAC-1	10x_multiomics	7329	3365	8.00927820985128	10790	5247	0.39155672823219	0.2	5.35680535680533	0.73	0.681272887990908	15838	1887	4640	1	1	1	0	1
CTAACCCTCCGCAACA-1	10x_multiomics	14799	4660	1.14196905196297	17925	9051	0.605783866057839	0.66	4.42496279230972	0.37	0.529354438603745	33862	5038	8088	3	3	3	3	1
GCTTAGTAGGTTTGCG-1	10x_multiomics	6106	2744	13.4949230265313	28499	13282	0.703505771697307	0.82	4.75363562611885	0.51	0.567686546352735	50202	8200	11774	2	2	2	1	0
CCGCAAATCAATCTAG-1	10x_multiomics	5177	2394	5.19605949391539	10984	5439	0.511534025374856	0.46	5.00499500499502	0.62	0.678108408445487	16198	2190	4138	0	0	0	2	0
ACGTCCTTCTCAATGA-1	10x_multiomics	6773	2807	10.1875092278163	14405	7071	0.669100564221706	0.76	5.65563468789269	0.81	0.434749803826885	33134	5361	7532	0	0	0	0	1
CAGCTAAGTCAATAGT-1	10x_multiomics	11854	4216	8.66374219672684	6971	3699	0.706228956228956	0.82	3.56589974910582	0.09	0.54047139091332	12898	1977	2815	3	3	3	0	1
GCTAGCTCAGGTTTGC-1	10x_multiomics	6756	3028	0.503256364712848	6655	3531	0.595018450184502	0.63	4.76114794296614	0.51	0.545491803278689	12200	1801	2903	3	3	3	0	1
CTTGTAAAGTAGGCGG-1	10x_multiomics	7382	3032	14.2237875914386	40471	18783	0.58016058016058	0.61	3.80268380268379	0.15	0.534143701826629	75768	11264	19307	1	1	1	3	1
AACCGGCTCATAAGCC-1	10x_multiomics	7153	3147	5.49419823850133	6184	3313	0.826043737574553	0.94	3.90673156630602	0.18	0.528366370471634	11704	2076	2398	1	1	1	0	1
AGGATGCAGCACAGAA-1	10x_multiomics	3018	1895	1.0934393638171	21310	10491	0.693251533742331	0.8	4.37269736632795	0.34	0.531607044853565	40086	6401	9064	1	1	1	4	1
AGCTAACTCTTGTCCA-1	10x_multiomics	7363	3221	6.54624473719951	16244	8283	0.702798441374424	0.82	4.07166363048713	0.23	0.512105926860025	31720	5171	6814	3	3	3	0	1
GGTGATTTCAGCAAAG-1	10x_multiomics	19303	7019	2.96845049992229	38034	17266	0.690737126557574	0.79	4.30246445284038	0.31	0.495854192740926	76704	12067	17818	1	1	1	1	0
CCTTCAATCACGCCAA-1	10x_multiomics	4074	2052	4.46735395189003	5035	2464	0.394383394383394	0.2	5.4828288594522	0.77	0.715808928063691	7034	787	2117	0	0	0	5	0
GGGTTTCCATAGTCAT-1	10x_multiomics	4514	2321	5.18387239698715	30446	13645	0.696529745042493	0.81	4.49379387735552	0.4	0.511645884448627	59506	9759	13781	0	0	0	2	0
CATCCTGGTTGGATAT-1	10x_multiomics	5426	2264	5.82381127902691	4758	2379	0.332946635730858	0.14	5.04436739730856	0.64	0.701769911504425	6780	706	2178	0	0	0	5	0
TTTAACCTCCCTGTTA-1	10x_multiomics	9474	3551	4.58095841249736	25000	11547	0.57202351788339	0.59	4.94726053167615	0.59	0.624843789052737	40010	5834	10152	0	0	0	1	0
TTTGTCTAGGAGTCGG-1	10x_multiomics	4201	2261	3.61818614615568	6240	3177	0.382743362831858	0.19	4.59778316921172	0.44	0.659201352207902	9466	1048	2843	1	1	1	0	1
GAAGGCTAGGCCTGGT-1	10x_multiomics	7390	3115	11.9621109607578	19722	9481	0.531575720416922	0.51	5.28635001362275	0.71	0.628089171974522	31400	4398	8054	0	0	0	2	0
CGCAAATTCACAGGAA-1	10x_multiomics	2839	1495	9.19337794998239	17821	8537	0.678861788617886	0.78	4.72530769560472	0.5	0.575799676898223	30950	4990	7192	2	2	2	1	0
ATTGACTCATGTGGGA-1	10x_multiomics	4194	2214	9.53743443013829	7875	3957	0.384279475982533	0.19	5.17161410018555	0.68	0.690547176429323	11404	1386	3280	0	0	0	5	0
TATCCAGCAATAGTCT-1	10x_multiomics	6312	2980	4.37262357414449	5140	2658	0.375565610859729	0.18	6.1781968031968	0.9	0.659989727786338	7788	883	2215	1	1	1	0	1
GCGTTTCTCGTTAAGC-1	10x_multiomics	3146	1817	6.96122059758423	5471	2761	0.423383525243578	0.26	4.58003534926609	0.44	0.608565072302558	8990	1067	2653	0	0	0	5	0
TTTGTCTAGACACTTA-1	10x_multiomics	5417	2424	6.53498246261768	14094	6717	0.369362363919129	0.17	5.47396528704943	0.77	0.685172581429266	20570	2383	6054	2	2	2	2	0
GTTAGGCGTTAGGACC-1	10x_multiomics	18086	5497	16.4215415238306	19839	9719	0.527968337730871	0.5	4.12688356939231	0.25	0.522794350163381	37948	5223	9669	4	4	4	4	1
TTTGTCCCACCTAATG-1	10x_multiomics	14557	4400	2.12955966201827	17632	8745	0.553948161543098	0.56	4.81859603810828	0.54	0.592592592592593	29754	4093	7702	3	3	3	3	1
GGAGTGAGTTTGAGGC-1	10x_multiomics	3086	1740	9.55930006480881	15435	7206	0.482404692082111	0.39	5.30244663085994	0.72	0.647169811320755	23850	3154	6601	2	2	2	1	0
AGCAGGTAGTCATTTC-1	10x_multiomics	3386	1829	2.71707028942705	23429	10804	0.826585179526356	0.94	4.40817044590631	0.36	0.526825867961864	44472	7898	9431	0	0	0	1	0
GTAGTTTCAATGCCTA-1	10x_multiomics	4177	2044	4.09384725879818	4452	2278	0.480218281036835	0.39	5.43395997941449	0.76	0.694106641721235	6414	831	1705	0	0	0	5	0
GGAATCTTCCCTGACT-1	10x_multiomics	7657	3091	3.00378738409299	13382	6941	0.878168438266558	0.97	4.3833943833944	0.35	0.433130502330399	30896	5652	6545	4	4	4	0	1
GCCTCGACATAAAGCA-1	10x_multiomics	8856	3733	7.00090334236676	24388	11383	0.385885590721447	0.2	4.68373731531628	0.48	0.564981698559051	43166	4961	12693	5	5	5	2	0
AGTGAGTCATCGTTCT-1	10x_multiomics	4873	2396	8.55735686435461	15083	7262	0.430685920577617	0.28	4.84721889680569	0.55	0.647561394470204	23292	2916	6683	4	4	4	0	1
CGCGGATTCCCTTGCG-1	10x_multiomics	4734	2413	7.75242923531897	3648	1853	0.348024316109422	0.15	4.96484647428046	0.6	0.705882352941177	5168	595	1506	1	1	1	0	1
CGGCCATAGGAGGTTA-1	10x_multiomics	4424	2242	10.5560578661844	4815	2495	0.489528795811518	0.41	5.18073475819951	0.68	0.687464306110794	7004	887	1905	0	0	0	5	0
CATTGTAAGTCGCTAG-1	10x_multiomics	4541	2203	2.62056815679366	12049	5793	0.346548507462687	0.15	5.32800532800533	0.72	0.687335995436395	17530	1898	5349	0	0	0	2	0
TCAATCGCATCCATCT-1	10x_multiomics	3227	2168	6.25968391695073	20717	9928	0.827691369319915	0.94	4.29248171183656	0.31	0.560706939482516	36948	6331	7673	1	1	1	4	1
GTCGGTTCACAGCCTG-1	10x_multiomics	5123	2574	11.6338083154402	12440	6086	0.545185185185185	0.54	4.79998470429093	0.53	0.639457181042459	19454	2657	4986	0	0	0	2	0
CGGTAACGTATGGTGC-1	10x_multiomics	15379	4481	18.1026074517199	34672	15934	0.567057986481679	0.58	3.60604145390786	0.1	0.384637571831111	90142	12639	22607	3	3	3	3	1
CCGCTAGCAGCATGGA-1	10x_multiomics	9742	3955	11.4863477725313	20411	9882	0.497643979057592	0.43	4.50029970029969	0.4	0.603233242700083	33836	4424	9053	1	1	1	3	1
CCACAATAGGATAAAC-1	10x_multiomics	4354	2298	6.82131373449701	23148	10238	0.486737058975019	0.4	4.82709778484426	0.54	0.643572064056939	35968	4891	9811	0	0	0	2	0
GGATGAATCCCATAAA-1	10x_multiomics	19150	4960	17.2114882506527	7255	3764	0.63854351687389	0.71	4.15338086570967	0.26	0.58460918614021	12410	1726	2851	3	3	3	0	1
TTAGTCAAGCTACTGG-1	10x_multiomics	4543	2258	1.82698657274928	24825	11937	0.680400372439479	0.78	4.00278454577098	0.21	0.545388637462103	45518	7337	10503	0	0	0	1	0
GATCACTAGAGGAGTC-1	10x_multiomics	3349	1889	5.13586145117946	10177	4870	0.484926234765876	0.4	4.62655623945943	0.46	0.684766518638138	14862	1957	4151	1	1	1	0	1
AACATCATCGGTTCCT-1	10x_multiomics	13575	4294	4.97974217311234	23791	11329	0.461445418808588	0.34	3.79394361294815	0.14	0.426316166720424	55806	7387	15889	0	0	0	2	0
AGCCAGTGTTGTTCAC-1	10x_multiomics	5647	2690	12.4313794935364	11025	5398	0.413995726495726	0.24	5.16926682340211	0.67	0.717866909753874	15358	1853	4619	0	0	0	2	0
TGGCTATAGGGTCCAC-1	10x_multiomics	2816	1903	2.09517045454545	29724	13832	0.734172906739278	0.86	3.65449528445121	0.11	0.5	59448	9903	14166	1	1	1	4	1
GAGGCAAGTATTTGGG-1	10x_multiomics	15152	5023	16.2354804646251	29043	13353	0.432567254587565	0.28	5.01747056770982	0.62	0.580813534917207	50004	6149	13852	4	4	4	4	1
TTTAACGAGCTTTGGG-1	10x_multiomics	12373	4222	6.60308736765538	14931	7622	0.477933965348153	0.38	4.24696076869991	0.29	0.511195562859491	29208	3937	7636	4	4	4	0	1
TGAGAACCACAATACT-1	10x_multiomics	7861	2871	4.87215367001654	11638	5772	0.447299423177766	0.31	5.29291068213222	0.71	0.69389458621512	16772	2101	4666	0	0	0	2	0
TTGTGCGAGGCAATAG-1	10x_multiomics	9524	3285	10.0377992440151	5378	2858	0.631521739130435	0.7	4.49171082082472	0.4	0.555808185200496	9676	1410	2428	3	3	3	0	1
CCATAATCAGCTAATT-1	10x_multiomics	3758	1886	4.2309739222991	16217	7849	0.578707224334601	0.61	5.29631658663915	0.72	0.631453936609298	25682	3751	6564	0	0	0	2	0
GAAGGATGTTATAGCG-1	10x_multiomics	3356	1726	4.46960667461263	27580	12733	0.555129240710824	0.56	4.6111192178608	0.45	0.590173756740563	46732	6801	12060	2	2	2	1	0
GTAGGATCAGCCAGAA-1	10x_multiomics	3972	2085	0.780463242698892	31032	14459	0.620421164395682	0.68	4.51979213447102	0.41	0.528582135313756	58708	8829	14298	3	3	3	3	1
GGCAGGATCCTTAGTT-1	10x_multiomics	6953	2673	8.90263195742845	12723	6262	0.449367088607595	0.31	4.89288489288491	0.57	0.675533609429755	18834	2366	5202	0	0	0	2	0
ATGTGAGAGGCTTAGT-1	10x_multiomics	6646	3002	10.7132109539573	7703	3907	0.548192771084337	0.55	5.53632414097532	0.78	0.640422347855005	12028	1658	3031	1	1	1	0	1
CTTGTAAAGGCGCATC-1	10x_multiomics	4953	2383	10.4784978800727	17783	8657	0.628693485226059	0.69	5.17051575875105	0.68	0.612109321217128	29052	4363	6975	0	0	0	1	0
ATGTCAATCTGTAAGC-1	10x_multiomics	17952	5992	8.99064171122995	27568	13400	0.775348740370602	0.9	3.86762769940341	0.17	0.489349616586197	56336	9673	11934	4	4	4	4	1
TATCACGCAAGGGTTG-1	10x_multiomics	4209	2053	4.27655024946543	26201	12331	0.598498635122839	0.64	4.51741030054286	0.41	0.607686241766398	43116	6508	10701	0	0	0	1	0
CAAACAACAGGCTACT-1	10x_multiomics	4832	2227	8.11258278145695	22963	10686	0.718145695364238	0.84	4.45614991069533	0.38	0.583824875419506	39332	6460	9157	0	0	0	1	0
ATTCAACCACAACCTA-1	10x_multiomics	5061	2382	8.19996048211816	8075	3989	0.385797950219619	0.2	5.86800586800586	0.85	0.698529411764706	11560	1338	3430	0	0	0	5	0
GGCCAACTCTTTGTAC-1	10x_multiomics	12292	4161	16.4009111617312	16156	7852	0.483093404753934	0.4	4.50494778852989	0.4	0.558142748566296	28946	3725	7754	1	1	1	3	1
AAGCGGGTCTCAATTC-1	10x_multiomics	7106	2938	11.1032929918379	19029	9242	0.460613004869665	0.34	4.21128686811343	0.28	0.602641246516342	31576	4018	8794	0	0	0	4	1
CGGAGCAAGTGAGGTA-1	10x_multiomics	3992	2131	0.776553106212425	19175	9885	0.703436807095344	0.82	3.02818568714522	0.03	0.465186802523047	41220	6631	9426	3	3	3	3	1
GCGCCTTGTGACCTGG-1	10x_multiomics	9466	3700	7.15191210648637	19659	9335	0.517580452920143	0.48	5.01990022756801	0.63	0.638818483135114	30774	4142	7970	0	0	0	1	0
TGTGTGAGTTATAGCG-1	10x_multiomics	8589	3949	7.97531726627081	36280	15773	0.494085791648853	0.42	4.31780057948283	0.32	0.597299967072769	60740	8241	16783	4	4	4	4	1
TCACCTCAGCTATTGA-1	10x_multiomics	9677	3356	3.24480727498192	8512	4410	0.518806744487678	0.48	3.76766091051805	0.14	0.592015579357351	14378	1915	3697	3	3	3	0	1
TCTCAATTCCAGGGAG-1	10x_multiomics	6524	3024	5.16554261189454	19426	9522	0.550823395797842	0.55	3.91373332549806	0.18	0.568344060854301	34180	4791	8773	3	3	3	3	1
CACGCAATCCAGGTCA-1	10x_multiomics	5656	2465	7.10749646393211	8697	4314	0.494875549048316	0.42	5.35464535464537	0.73	0.689800126903553	12608	1618	3397	0	0	0	5	0
TCCAGGTCAGGTCCTG-1	10x_multiomics	4788	2003	7.87385129490393	16869	7970	0.353158602150538	0.16	6.3709018254473	0.92	0.691012616745863	24412	2597	7604	0	0	0	2	0
ACCTTGTGTGACATAT-1	10x_multiomics	8157	2954	5.02635772955744	28380	13556	0.568939520857765	0.58	3.86513253646118	0.17	0.514615217233626	55148	8009	14046	3	3	3	3	1
TCAAGACTCCGGAACC-1	10x_multiomics	7565	2958	11.5532055518837	35096	15739	0.52246340232206	0.49	4.40626499146293	0.36	0.639434464162081	54886	7461	14595	0	0	0	2	0
CTTGTTTAGCTCAATA-1	10x_multiomics	15306	4278	13.4261074088593	9497	4822	0.427968655816757	0.27	5.82845725702864	0.85	0.63296454278859	15004	1760	4259	3	3	3	0	1
GGTTGGTGTTAGGTTG-1	10x_multiomics	7078	3116	13.4077423000848	11434	5733	0.498595505617978	0.43	4.84548564018763	0.55	0.570843734398402	20030	2659	5191	4	4	4	0	1
CATCGCTTCTAATCTC-1	10x_multiomics	18445	5679	12.6755218216319	16759	8171	0.691176470588235	0.79	4.28978686818411	0.31	0.517636520879664	32376	5214	7394	4	4	4	0	1
ACACTAATCCAAGTGT-1	10x_multiomics	6659	2800	4.3850427992191	54439	21999	0.68569616238503	0.79	4.5480724726008	0.42	0.557194325602342	97702	15754	23245	2	2	2	1	0
TGGCTTTGTCCGGTTC-1	10x_multiomics	3764	1853	4.80871413390011	12709	6183	0.518689432395016	0.48	5.06507710299177	0.64	0.646900132342462	19646	2736	5352	2	2	2	2	0
TACGCACCAATTAAGG-1	10x_multiomics	5836	2654	9.11583276216587	13264	6461	0.431381518755718	0.28	4.98811533294288	0.61	0.698105263157895	19000	2362	5255	0	0	0	2	0
AACCTTAAGGTGAAAT-1	10x_multiomics	6614	2822	3.55306924705171	26892	12772	0.706462442299622	0.82	4.02688220870038	0.22	0.527956651484215	50936	8310	11693	3	3	3	3	1
GGCTAGTGTTTACGTC-1	10x_multiomics	15147	4483	9.0512972865914	27277	12695	0.737604748603352	0.86	4.20022455420685	0.28	0.409011845853951	66690	11405	14926	4	4	4	2	0
CGATTTGCAGGCTTCG-1	10x_multiomics	3791	2039	7.14850962806647	8103	4011	0.409021406727829	0.23	6.37041529898674	0.92	0.717206585236325	11298	1379	3227	2	2	2	5	0
CGACCTGCACCTGGTG-1	10x_multiomics	5612	2379	5.39914468995011	24641	11436	0.650567495773968	0.73	4.80909464866684	0.54	0.582777541270517	42282	6574	10215	0	0	0	1	0
AGAACCAAGGTCGATT-1	10x_multiomics	10530	4032	6.67616334283001	19109	8930	0.48306377784559	0.39	4.72735986754678	0.5	0.641672263263936	29780	3862	7987	0	0	0	2	0
GGTATTTCATGCTATG-1	10x_multiomics	11558	4184	5.87471880948261	50427	23051	0.542311102354448	0.53	3.77008612302733	0.14	0.550284816342565	91638	13365	24333	3	3	3	4	1
CGGAGCAAGGAGTCGG-1	10x_multiomics	4419	2200	16.7458701063589	6196	3099	0.365134431916739	0.17	6.64263272958925	0.94	0.668248490077653	9272	987	2865	2	2	2	5	0
GTGCTTCTCTTAGCGG-1	10x_multiomics	4350	2243	2.73563218390805	4875	2581	0.575790621592148	0.6	3.84464020827655	0.16	0.545424032221974	8938	1304	2198	3	3	3	0	1
GGTCATTAGAACCTAC-1	10x_multiomics	11482	4212	0.426754920745515	24751	12052	0.727020094057289	0.85	4.14982744528199	0.26	0.461979244437808	53576	8849	11709	4	4	4	4	1
CAAACCGTCATGGCTG-1	10x_multiomics	13427	4396	8.63930885529158	16143	8205	0.97052541648868	0.99	4.57194627235115	0.44	0.511145589259705	31582	5939	5838	3	3	3	3	1
ACGAATCTCGATATTG-1	10x_multiomics	7611	3261	1.865720667455	36496	16366	0.826573426573427	0.94	4.65253809735416	0.47	0.552250098356687	66086	11424	14132	4	4	4	1	0
CCGATGCAGGAACCAA-1	10x_multiomics	3461	1835	4.07396706154291	27954	12924	0.700856486317109	0.81	4.6673154431775	0.47	0.498875682621266	56034	9347	12719	2	2	2	1	0
AGTGAGTCATAAGTTC-1	10x_multiomics	6061	2777	6.58307210031348	20246	10321	0.822189781021898	0.94	3.53881412704944	0.09	0.513701410737846	39412	6887	8517	1	1	1	4	1
AGTGCACGTCAATACG-1	10x_multiomics	3361	1719	9.07468015471586	25994	11664	0.450547223348196	0.31	5.05237336920506	0.64	0.613268532062473	42386	5466	12092	0	0	0	1	0
GGCATGGAGCTAAAGG-1	10x_multiomics	4880	2260	9.67213114754098	16616	7976	0.426252158894646	0.27	4.42393427468057	0.37	0.686384666226041	24208	3001	6925	0	0	0	1	0
CCGTTAACAATGAATG-1	10x_multiomics	15221	4884	12.8112476184219	5745	3008	0.583766909469303	0.62	3.73271588224861	0.13	0.598063710181137	9606	1348	2386	1	1	1	0	1
GGTAAACCACATACTG-1	10x_multiomics	17383	5281	7.61663694414083	19213	9551	0.394421272158498	0.2	4.04764726798625	0.22	0.569814342487692	33718	3886	9817	4	4	4	4	1
GTGCCTTTCGTTAAGC-1	10x_multiomics	10195	3874	4.61010299166258	40993	17584	0.611274221961245	0.67	5.06783856537547	0.65	0.603122057438795	67968	10472	16901	4	4	4	4	1
GTTGCGGGTCAAGTGC-1	10x_multiomics	12411	4441	15.840786399162	10731	5395	0.648498845265589	0.73	3.70185370185372	0.12	0.494288346384155	21710	3233	5117	3	3	3	0	1
AAACATGCATCCAGGT-1	10x_multiomics	5683	2709	5.38448002815414	20626	10568	0.872508872508873	0.97	3.76461773520595	0.13	0.405752055710745	50834	9122	10105	3	3	3	4	1
TGCACTTGTCAAGACC-1	10x_multiomics	6973	2901	9.88096945360677	6951	3531	0.362974939369442	0.17	5.01543910634822	0.62	0.686857707509881	10120	1186	3013	0	0	0	5	0
CTGGTTTGTTCAAGCA-1	10x_multiomics	4180	1846	4.61722488038277	31454	13996	0.711263579188107	0.83	4.94116661781332	0.59	0.57926335174954	54300	9036	12765	2	2	2	1	0
GCCCATAAGGCGGATG-1	10x_multiomics	5625	2908	5.97333333333333	15072	7451	0.446664153788164	0.31	4.20750420750419	0.28	0.622141500866837	24226	2981	6701	1	1	1	3	1
CTGCTATGTAGGTGTC-1	10x_multiomics	5834	2435	3.66815221117587	12050	5770	0.397601918465228	0.21	5.59577408892485	0.8	0.695406278855032	17328	2045	5206	1	1	1	0	1
GAGGTTAAGCGAGCGA-1	10x_multiomics	15900	5328	10.1635220125786	24391	11984	0.761430940535418	0.89	4.33058066194162	0.33	0.501521569272525	48634	8085	10760	4	4	4	4	1
AACTTAGTCGCGCTAA-1	10x_multiomics	14719	4693	9.4639581493308	17768	8366	0.542602377807133	0.53	5.50591277234869	0.77	0.620651110800615	28628	4001	7443	0	0	0	2	0
GTTTATCTCTTAGCCC-1	10x_multiomics	13864	4489	6.75851125216388	31668	14391	0.514782608695652	0.47	4.89085858213376	0.56	0.636056881176187	49788	6780	13031	3	3	3	3	1
ATCTATGAGCGATAGA-1	10x_multiomics	14188	4894	15.2523259092191	53631	23477	0.484001023934468	0.4	3.6669902867086	0.11	0.381384136194905	140622	18535	40156	3	3	3	1	1
ACAGCGCTCGTTAACA-1	10x_multiomics	3333	1752	9.36093609360936	11646	5690	0.463723997970573	0.35	6.04427830234281	0.88	0.659904805077063	17648	2207	4827	0	0	0	2	0
GGAGCATAGTTTGGGT-1	10x_multiomics	8149	3497	4.52816296478095	12455	6267	0.601482854494903	0.65	4.42313242313242	0.37	0.577797365002783	21556	3242	5386	4	4	4	2	0
CTTTAGGCATGAGTTT-1	10x_multiomics	4355	2192	3.37543053960964	14784	6990	0.629224178962399	0.69	5.19801483656906	0.68	0.598639455782313	24696	3934	5893	1	1	1	0	1
ATAATGGCATCACAGC-1	10x_multiomics	7139	3331	2.53536909931363	26192	12432	0.686322323209931	0.79	4.11991854299546	0.25	0.534748877092691	48980	7812	11396	4	4	4	4	1
TTGGGCGGTAGTAAGA-1	10x_multiomics	4518	2563	4.8472775564409	19521	9143	0.531786682735764	0.51	5.38363597187125	0.75	0.642307186101606	30392	4178	8061	1	1	1	4	1
AAGCCTCCATAGCGGA-1	10x_multiomics	6072	2837	7.74044795783926	23809	11611	0.928661457020418	0.98	4.54074227659135	0.42	0.474169521229985	50212	9098	10005	1	1	1	3	1
ATGTTTGAGTTCCCGT-1	10x_multiomics	9283	3635	8.14391899170527	45134	20423	0.748531308210345	0.87	3.92187123221606	0.18	0.575087281160011	78482	12873	17410	0	0	0	3	1
TAGCTTGCACGTTACA-1	10x_multiomics	4374	2138	5.09830818472794	20520	9622	0.734279264753305	0.86	5.01603659498395	0.62	0.601830126701079	34096	5695	7645	2	2	2	1	0
CTAGCGGGTAAGTCGC-1	10x_multiomics	4148	2058	11.4513018322083	8834	4546	0.580602883355177	0.61	5.42765505171514	0.76	0.60531725366589	14594	2179	3715	0	0	0	2	0
CCTGTATGTGTGTGGT-1	10x_multiomics	9170	3718	1.43947655398037	65398	26910	0.805091705447577	0.93	3.97734228068418	0.2	0.528349141204414	123778	21656	26685	1	1	1	3	1
TAGCAGGCACCTCGCT-1	10x_multiomics	3149	1859	0.984439504604636	11141	5864	0.993224167137211	0.99	3.90331318166369	0.18	0.473319738295522	23538	4335	4478	1	1	1	0	1
CTACAACAGGCGAAAC-1	10x_multiomics	10085	3713	0.803173029251363	15603	7796	0.447157190635452	0.31	4.20621045621045	0.28	0.539299046038988	28932	3506	8032	3	3	3	4	1
GGGTTTCCACAATGCC-1	10x_multiomics	5213	2740	14.1569154037982	10530	5242	0.593639575971731	0.63	4.83492411203255	0.54	0.616366190587684	17084	2489	4114	1	1	1	0	1
TAGGCTAGTATTGTCC-1	10x_multiomics	4800	2374	3.97916666666667	16337	7849	0.570952204520193	0.59	4.51281002462105	0.41	0.619576759708738	26368	3834	6696	1	1	1	0	1
GCTTTCATCTAACCAA-1	10x_multiomics	1119	871	2.05540661304736	12071	6049	0.864316239316239	0.96	4.3179043179043	0.32	0.543347137198416	22216	3969	4712	1	1	1	0	1
TACTGCACATCCAGGT-1	10x_multiomics	4504	2387	3.15275310834814	18820	8537	0.625447445493004	0.69	5.27212725355139	0.71	0.596475659229209	31552	4823	7697	1	1	1	0	1
CAATCCCTCGGGACCT-1	10x_multiomics	4742	2428	2.99451708140025	8730	4434	0.595986622073579	0.64	5.42314828029114	0.75	0.596719070403281	14630	2212	3668	1	1	1	0	1
TTAGACTCACGAATTT-1	10x_multiomics	8779	3405	4.28294794395717	32275	14310	0.469585091420534	0.36	4.77769242709478	0.52	0.627771726445188	51412	6549	14335	0	0	0	2	0
CCAGTTTGTCGTAATG-1	10x_multiomics	3289	1688	2.67558528428094	13959	6865	0.691789473684211	0.8	5.46904076315845	0.77	0.574586317609286	24294	4008	5656	2	2	2	1	0
ACTCACTGTAGCTAGC-1	10x_multiomics	3957	2063	6.52009097801365	24314	11132	0.581257142857143	0.61	4.46943356874073	0.39	0.593603515625	40960	6219	10665	2	2	2	1	0
CTCCGTCCAAATTCGT-1	10x_multiomics	1080	827	3.61111111111111	18729	8563	0.53652471246503	0.52	5.36301933360755	0.74	0.617507418397626	30330	4373	8133	2	2	2	1	0
TGTGCTGAGCCTGAGC-1	10x_multiomics	8432	3509	10.9701138519924	15000	7313	0.636893203883495	0.71	5.01863727670175	0.62	0.55045871559633	27250	4196	6451	1	1	1	0	1
TTAGAAGCATCCGTAA-1	10x_multiomics	9026	3598	7.15710170618214	20244	10052	0.848659003831418	0.95	4.01715931127696	0.21	0.492986557568673	41064	7305	8262	3	3	3	3	1
GCGCTAGGTTACTAGG-1	10x_multiomics	5796	2717	12.9399585921325	5145	2668	0.446298227320125	0.3	4.79208291708292	0.53	0.607438016528926	8470	1041	2350	1	1	1	0	1
AATATCCCAGTAATAG-1	10x_multiomics	8853	3660	13.7467525132723	12479	6192	0.486934673366834	0.41	5.15436944008368	0.67	0.636034658511723	19620	2521	5235	1	1	1	0	1
AATTGCCAGCCGCAGT-1	10x_multiomics	16358	4912	8.17948404450422	25808	11844	0.452419920505027	0.32	5.18141076800295	0.68	0.664811952601752	38820	4996	10554	3	3	3	2	0
CGTCAATAGTTGTCAA-1	10x_multiomics	4204	1892	5.09039010466223	14199	7060	0.700351493848858	0.81	4.48474602320757	0.39	0.573372637699887	24764	3881	5601	0	0	0	2	0
TCACGGATCCGCACAA-1	10x_multiomics	13811	4101	1.48432408949388	34959	16684	0.803316749585406	0.92	3.80558775862103	0.15	0.503993425984661	69364	12064	14965	3	3	3	3	1
ACGTCCTTCTGTAATG-1	10x_multiomics	7479	3200	3.95774836208049	35087	15502	0.662679812510102	0.75	4.26946471250268	0.3	0.570668791880815	61484	9921	14626	0	0	0	1	0
GTATCGCCATAAAGCA-1	10x_multiomics	4798	2247	10.4418507711546	11684	5711	0.384576357179097	0.19	6.11625216888368	0.89	0.712265301146062	16404	1958	4731	2	2	2	2	0
GGCCTCTGTTAAATGC-1	10x_multiomics	14615	4413	8.75128292849812	24662	11286	0.488607000234907	0.41	4.79880943798469	0.53	0.6336262268126	38922	5251	10250	3	3	3	3	1
TCCCTCACACAATGCC-1	10x_multiomics	5826	2546	5.61277033985582	21923	10481	0.79943661971831	0.92	4.35643760705797	0.33	0.5564778150066	39396	6934	8598	0	0	0	1	0
AAGCGTTTCCACCTTA-1	10x_multiomics	18496	5139	12.2296712802768	23211	11214	0.65682382133995	0.74	4.00677489626273	0.21	0.527834629553827	43974	6941	10219	3	3	3	3	1
TACGCTTGTACTTAGG-1	10x_multiomics	10245	3917	8.8530990727184	26082	11644	0.420512820512821	0.25	5.89046807534203	0.86	0.667981355324489	39046	4633	11288	0	0	0	1	0
CAATCCCTCGCTAAGT-1	10x_multiomics	6839	2714	6.3752010527855	6418	3242	0.495959595959596	0.43	4.65584835332735	0.47	0.685683760683761	9360	1167	2478	0	0	0	5	0
ACATCAATCCTCAGCT-1	10x_multiomics	6835	2808	7.02267739575713	22319	10475	0.530470557984058	0.5	4.35268056751433	0.33	0.623331285259454	35806	5057	9422	2	2	2	1	0
ATTCCTAGTAAGCACC-1	10x_multiomics	5461	2469	5.78648599157663	14808	7296	0.593593207255886	0.63	4.37043271688942	0.34	0.599708407581403	24692	3627	6107	0	0	0	2	0
CCTATATTCTTGGATA-1	10x_multiomics	6028	2629	2.28931652289317	30721	14783	0.874592833876222	0.97	3.60111401368769	0.1	0.524195474866055	58606	10564	12156	3	3	3	3	1
GAGGTTAAGACTTACA-1	10x_multiomics	5047	2994	0.554785020804438	33218	14757	0.427813163481953	0.27	4.18927714753481	0.27	0.592121212121212	56100	7027	16003	1	1	1	4	0
AGGTTAACAACACTTG-1	10x_multiomics	4214	2180	4.79354532510679	4595	2385	0.571608040201005	0.59	4.63240463240465	0.46	0.640864714086471	7170	1004	1923	1	1	1	0	1
TCCCTCACAAGGACCA-1	10x_multiomics	6557	2908	5.5818209547049	6961	3485	0.491943127962085	0.42	5.99173553719011	0.87	0.678327811342818	10262	1371	2764	3	3	3	0	1
CGGTTTCTCGATATTG-1	10x_multiomics	6024	3065	5.32868525896414	15150	7481	0.702937525858502	0.82	4.89107666527021	0.57	0.610591649201999	24812	4009	5671	2	2	2	1	0
GAGTGAGGTCAAGTGC-1	10x_multiomics	2810	1676	6.08540925266904	10040	4766	0.334410339256866	0.14	6.26318126318124	0.91	0.693849343469247	14470	1521	4522	2	2	2	2	0
AGACTATGTTAGAGCC-1	10x_multiomics	19229	5105	18.0040563731863	22370	11114	0.483840528426516	0.4	3.96061503072572	0.19	0.570779750969586	39192	5078	10462	3	3	3	4	1
TCAGCCTTCAATACGC-1	10x_multiomics	5424	2543	4.3141592920354	17720	8444	0.371233655486072	0.18	5.55018104425218	0.79	0.617593754356615	28692	3263	8589	0	0	0	1	0
CCAAGGCTCTGCAAGT-1	10x_multiomics	16952	4886	19.0537989617744	19103	9597	0.738038277511962	0.86	3.98048553388358	0.2	0.506845317060228	37690	6264	8170	1	1	1	3	1
CATGCATAGGTTTGAC-1	10x_multiomics	19243	5452	8.7096606558229	29545	14074	0.589285714285714	0.62	4.2761539535733	0.3	0.507419365919005	58226	8422	14221	0	0	0	2	1
CGCAATCCACAACAGG-1	10x_multiomics	10244	3663	3.16282702069504	20331	10237	0.625666947486661	0.69	3.4425638259504	0.07	0.5235630407911	38832	5631	9324	3	3	3	4	1
AAGGATTAGGAACCGG-1	10x_multiomics	11795	4299	10.919881305638	47976	20786	0.553245848333527	0.56	4.99749860124272	0.62	0.59088109958864	81194	11731	20988	0	0	0	1	0
CTTCTAAGTGGGTGAA-1	10x_multiomics	2193	1324	10.7159142726858	13789	6379	0.409580838323353	0.23	6.42076370231715	0.93	0.686224743704588	20094	2481	5873	2	2	2	2	0
CATGCGCAGGACTTAC-1	10x_multiomics	9811	3692	2.46661910100907	23495	11266	0.610947471772214	0.66	4.70687848736629	0.49	0.574618469966738	40888	6145	10087	1	1	1	4	1
TTTCACCCAGAGGCTA-1	10x_multiomics	8169	3061	5.43518178479618	7072	3498	0.376949740034662	0.18	6.4858218704372	0.93	0.707341468293659	9998	1130	2909	0	0	0	5	0
GACACCGGTTTGTGGA-1	10x_multiomics	5692	2561	6.7463106113844	12216	6049	0.465533088235294	0.35	4.67162894908559	0.48	0.647376788553259	18870	2397	5291	0	0	0	2	0
GTCGCAATCGTAATCA-1	10x_multiomics	6447	2552	9.70994260896541	16537	7742	0.754172989377845	0.88	5.3270259152612	0.72	0.434772320959091	38036	6722	8382	0	0	0	0	1
TGTTACTTCTCGCCTG-1	10x_multiomics	2797	1563	5.79191991419378	21299	9876	0.631113984055161	0.7	4.56686170971881	0.43	0.471550655331208	45168	6887	11116	5	5	5	1	0
GCTGACCAGTCATCCC-1	10x_multiomics	7959	3446	5.64141223771831	7527	3840	0.276652452025586	0.12	4.04746768383129	0.22	0.530892932712653	14178	1327	4798	5	5	5	5	0
TTGAGGCGTGATTACG-1	10x_multiomics	4520	2507	4.84513274336283	28698	12274	0.509049303099646	0.46	5.44247419247419	0.76	0.661640614192834	43374	6018	11585	0	0	0	1	0
TAAGCTATCCGCAAGC-1	10x_multiomics	10932	3849	13.4559092572265	17282	8496	0.509918699186992	0.46	4.63999519793515	0.46	0.600987619974962	28756	3931	7571	1	1	1	0	1
GTACTTCGTTACAAAC-1	10x_multiomics	9293	3212	0.850102227483052	24088	11656	0.727156057494867	0.85	4.66065920611374	0.47	0.564359683238836	42682	6939	9757	3	3	3	3	1
CATAATCCAATAGCAA-1	10x_multiomics	4244	2618	5.7492931196984	7296	3842	0.804568527918782	0.92	3.04661781171846	0.03	0.575575891448406	12676	2195	2816	1	1	1	0	1
ACTAGGCGTCATAACG-1	10x_multiomics	4739	2493	3.67166068790884	20863	9843	0.476019845644983	0.38	5.10230510230509	0.65	0.647838777791579	32204	4247	8971	0	0	0	1	0
GTCCTCAGTATACTGG-1	10x_multiomics	3754	1729	6.68620138518913	10153	4894	0.415117719950434	0.24	5.63704588094831	0.81	0.72469664525339	14010	1652	4044	0	0	0	2	0
GGAAACTCAGTTATGT-1	10x_multiomics	1463	969	1.98222829801777	15568	7424	0.661853188929001	0.75	4.91216100972203	0.58	0.604160198696057	25768	4104	6135	0	0	0	2	0
GCTGTAAGTTAATGCG-1	10x_multiomics	4431	2065	10.6296547054841	14291	6729	0.55968992248062	0.56	6.23013350286075	0.91	0.66278638345237	21562	3081	5549	2	2	2	2	0
CTAGTCGAGAGAGGAG-1	10x_multiomics	6413	3198	11.211601434586	20592	9933	0.765234765234765	0.89	3.90165390165389	0.18	0.590400825735421	34878	5714	7500	1	1	1	4	1
GGCTGTCAGATGCCTG-1	10x_multiomics	1682	1186	12.4256837098692	32964	15771	0.669847621979375	0.76	3.46081269158192	0.07	0.468757998919257	70322	11212	16371	1	1	1	3	1
TACCTTTAGCTCCCTG-1	10x_multiomics	7058	3307	7.18333805610655	25738	12230	0.793351929335193	0.92	4.04563316768885	0.22	0.530571016285302	48510	8380	10287	1	1	1	4	1
CAAGACAAGTCTTGAA-1	10x_multiomics	4216	2203	5.88235294117647	12327	5922	0.509414225941423	0.46	5.99043813329521	0.87	0.659338896020539	18696	2624	4986	1	1	1	0	1
TGATGAACAATTAAGG-1	10x_multiomics	4937	2450	3.52440753494025	10243	5137	0.684931506849315	0.79	4.3956043956044	0.36	0.576420934158694	17770	2850	3891	3	3	3	0	1
ATAGATGCACCGTTCC-1	10x_multiomics	14621	5123	5.45790301620956	19683	9321	0.614487415592388	0.67	5.24409800725592	0.7	0.600567523036553	32774	4935	7886	1	1	1	2	1
TGTATCCGTCACGAAC-1	10x_multiomics	6868	2962	12.7693651718113	18453	8745	0.616342164060006	0.68	4.82830053382202	0.54	0.598423920093397	30836	4681	7587	2	2	2	1	0
GCTGATCCACACAATT-1	10x_multiomics	3620	1657	1.51933701657459	16899	7929	0.653674832962138	0.74	4.9420378279439	0.59	0.616886909542236	27394	4311	6632	0	0	0	1	0
TCGCATTGTGTGAGAG-1	10x_multiomics	5806	2585	12.3320702721323	19985	9661	0.982753403933434	0.99	4.74455906210782	0.51	0.466873802737934	42806	8072	8020	0	0	0	2	0
CAAATCATCTCCATAT-1	10x_multiomics	12628	4149	0.760215394361736	26149	12487	0.850554323725055	0.96	4.29713826843014	0.31	0.476163595309199	54916	9816	11428	4	4	4	4	1
AGGAACCAGTTGTCCC-1	10x_multiomics	9389	3378	15.3157950793482	31317	14479	0.64881192106323	0.73	4.03783208661259	0.22	0.440724478594951	71058	10348	19535	0	0	0	2	0
CCATAAGGTATTACCC-1	10x_multiomics	19507	5243	8.84297944327677	59330	24247	0.568062827225131	0.58	4.43460921548569	0.37	0.601187581063554	98688	14233	24348	0	0	0	1	0
ATGTCAATCGTTAACA-1	10x_multiomics	3905	1988	4.89116517285531	16292	7516	0.46833084947839	0.36	6.95685267113837	0.96	0.68076215945178	23932	3031	6665	2	2	2	1	0
GGCCAACTCCGTCCAT-1	10x_multiomics	4652	2340	4.34221840068788	21580	10341	0.765002804262479	0.89	4.61766645610658	0.46	0.553333333333333	39000	6817	8567	2	2	2	1	0
AGCCGCTAGTGGCGGA-1	10x_multiomics	4410	2035	7.12018140589569	25730	12065	0.706310679611651	0.82	4.85558667376848	0.56	0.591603053435115	43492	7116	10002	0	0	0	2	0
AACAAAGGTCATCATC-1	10x_multiomics	7018	3457	5.59988600740952	17168	8480	0.613961605584642	0.67	3.71263717271319	0.12	0.562626990889428	30514	4631	7410	1	1	1	0	1
TAAGCCAGTTAATCGG-1	10x_multiomics	17902	5443	8.10523963802927	7995	4056	0.24693176239568	0.12	4.84899715668951	0.55	0.567262664963814	14094	1240	4952	3	3	3	0	1
CAATGTGGTGGTGAGA-1	10x_multiomics	2838	1647	2.21987315010571	19216	9268	0.816504854368932	0.93	4.07494412944004	0.23	0.553042076785817	34746	6129	7432	3	3	3	3	1
ATCACTAAGTTTGTCT-1	10x_multiomics	3881	2089	1.15949497552177	21137	10504	0.682972280456557	0.78	3.54007694433225	0.09	0.488739363669996	43248	6957	10241	1	1	1	4	1
ACACAATGTATTGTCC-1	10x_multiomics	10871	3778	12.7771134210284	13206	6546	0.511400651465798	0.46	5.36440303882164	0.74	0.628199029588051	21022	2850	5510	3	3	3	0	1
TGATGACTCCGCAAGC-1	10x_multiomics	3920	2129	9.13265306122449	25342	11237	0.51284382814276	0.46	5.75316575316576	0.84	0.654595236865217	38714	5492	10634	2	2	2	1	0
TGATGAACACGGTACT-1	10x_multiomics	9604	3662	6.28904623073719	30272	14275	0.598809732189743	0.64	4.10475600349014	0.24	0.543404896962734	55708	8095	13745	4	4	4	4	1
ACGCCTTTCGAAGTGA-1	10x_multiomics	5038	2382	13.0210400952759	18472	8943	0.737829065993509	0.86	4.29280022303279	0.31	0.397537984763053	46466	7121	12166	2	2	2	1	0
GCAAACCGTTAGGTTG-1	10x_multiomics	3396	1769	5.80094228504123	32340	14644	0.687179487179487	0.79	3.89768459388712	0.18	0.561946133796699	57550	9521	13837	0	0	0	1	0
CGGTGAGAGCTCAATA-1	10x_multiomics	2357	1608	5.00636402206194	37396	17609	0.905765147803364	0.98	3.67801689835589	0.11	0.510233040440976	73292	13487	14709	1	1	1	4	1
ATGACTCAGTCAGTAC-1	10x_multiomics	9441	3483	8.01821840906684	36683	16658	0.496215704824976	0.43	4.72065895059386	0.5	0.622505430355688	58928	8081	15913	0	0	0	1	0
CGTGCTGCAGTTAGCC-1	10x_multiomics	14359	4413	4.54767045058848	49193	21685	0.843667318532152	0.95	4.18480848011047	0.27	0.475735948319214	103404	18949	22121	3	3	3	3	1
GGTTATGGTCCTTTAA-1	10x_multiomics	3828	1978	6.73981191222571	21525	9913	0.604971629289381	0.65	4.66792466792467	0.48	0.604668801618068	35598	5442	8857	2	2	2	1	0
CAAGTATGTCACAAAT-1	10x_multiomics	1271	927	4.2486231313926	12130	5707	0.413842482100239	0.24	5.78340578340578	0.84	0.691719890510949	17536	2201	4998	2	2	2	2	0
TCGGTTCTCACGTTAA-1	10x_multiomics	13567	4596	5.24802830397288	38083	16227	0.529794149512459	0.5	5.74557517953745	0.83	0.637820727540698	59708	8474	15787	0	0	0	1	0
CGAAGAATCTGTAAGC-1	10x_multiomics	6776	2997	5.41617473435655	4082	2116	0.40878828229028	0.23	4.73811902383329	0.5	0.623015873015873	6552	814	1808	1	1	1	0	1
GGTGAGGTCTCGACCT-1	10x_multiomics	2213	1441	5.10619069136918	18244	8684	0.683992346938776	0.78	4.91273432449901	0.58	0.580390659795126	31434	5050	7408	1	1	1	2	0
CTAGGACGTGATTTGG-1	10x_multiomics	2334	1426	8.31191088260497	8029	3908	0.411222136817832	0.23	6.06536320822037	0.88	0.707400881057269	11350	1346	3275	1	1	1	0	1
TCAAGGTTCTAGCGAT-1	10x_multiomics	4313	2083	5.03130071875725	22745	10465	0.800423985463356	0.92	4.63194762482176	0.46	0.488677380543142	46544	7421	11519	0	0	0	2	0
CAAAGGATCCCTCTAA-1	10x_multiomics	4377	2019	3.58693168837103	7213	3554	0.464349376114082	0.35	5.20942472161989	0.69	0.723906061822561	9964	1249	2764	0	0	0	5	0
AATAGAGGTGGTTAGC-1	10x_multiomics	9225	3567	9.40921409214092	9153	4609	0.465145754119138	0.35	5.66722996629542	0.81	0.640249020705092	14296	1832	3880	1	1	1	0	1
GAAGGAACAAGGTGCA-1	10x_multiomics	4451	2276	11.4131655807684	6321	3179	0.407582938388626	0.23	7.44255744255739	0.98	0.673306348530038	9388	1114	2652	2	2	2	5	0
TACTCGCTCCATTACT-1	10x_multiomics	9441	3489	6.40821946827667	36660	16496	0.673724735322425	0.77	4.39656497348805	0.36	0.578124014382136	63412	10164	15064	0	0	0	1	0
GGGAGTAGTACCGTTT-1	10x_multiomics	3086	1693	7.09656513285807	6256	3117	0.425742574257426	0.26	5.24181700652293	0.7	0.68296943231441	9160	1133	2622	2	2	2	5	0
TACAGCTAGGATCACT-1	10x_multiomics	5297	2473	6.75854257126676	29244	13317	0.607253685027153	0.66	4.71648266080814	0.5	0.594898083730013	49158	7551	12527	0	0	0	2	0
AGAACCAAGGGTGGAT-1	10x_multiomics	3884	2169	5.89598352214212	23919	10903	0.576559981579553	0.6	4.52942406430779	0.42	0.586796526176341	40762	6075	10427	2	2	2	1	0
GTACTTAAGTGAGCAA-1	10x_multiomics	3767	1812	11.4945580037165	7979	3937	0.394333843797856	0.2	6.16741748817224	0.9	0.721037411892283	11066	1310	3197	0	0	0	5	0
TTTGTCTAGCCTGGTA-1	10x_multiomics	4675	2106	6.54545454545455	19081	9232	0.835795127565701	0.95	3.64812299417204	0.11	0.364127323384604	52402	9475	11522	2	2	2	1	0
CCTAGTTGTCAAGTGC-1	10x_multiomics	2476	1428	5.93699515347334	25840	11513	0.491381144924452	0.42	5.19379610288702	0.68	0.635514018691589	40660	5394	11417	2	2	2	1	0
TAGTACGGTCCTAACT-1	10x_multiomics	5026	2428	3.9992041384799	4372	2227	0.435105067985167	0.29	5.56943056943052	0.79	0.639368236326411	6838	855	1962	1	1	1	0	1
ATTGCGCCAGGTATTT-1	10x_multiomics	7009	2824	11.1713511199886	15383	7484	0.460924369747899	0.34	5.04156038136626	0.63	0.698338478300345	22028	2750	6108	0	0	0	2	0
GCTTTACGTTAGCCAA-1	10x_multiomics	2698	1511	2.48332097850259	24632	11132	0.757731958762887	0.88	4.52590887373495	0.41	0.55605219197255	44298	7702	10106	0	0	0	2	0
AATCAGGAGGTGTCCA-1	10x_multiomics	3176	1654	9.38287153652393	13843	6835	0.464224872231687	0.35	6.00589886304166	0.88	0.639635893170687	21642	2715	5850	0	0	0	2	0
TACCGAAGTTTGCAGA-1	10x_multiomics	8286	3475	3.92227854211924	21882	10442	0.77008618293022	0.9	4.45375520002386	0.38	0.547296283327497	39982	6751	8825	0	0	0	1	0
AAGTTACGTCCTTAGT-1	10x_multiomics	3633	2237	2.09193503991192	20256	8061	0.110983102918587	0.05	3.59640359640358	0.1	0.320800734851604	63142	2716	27287	1	1	1	2	1
ACCAGGCTCTAGCTAA-1	10x_multiomics	13913	4271	14.5906705958456	19407	9532	0.535864978902954	0.52	3.85282469973021	0.16	0.607531930879038	31944	4519	8173	3	3	3	3	1
TGTGGCCAGTATCGCG-1	10x_multiomics	4910	2220	8.35030549898167	7092	3563	0.468085106382979	0.36	6.24551918669563	0.91	0.644844517184943	10998	1448	3042	0	0	0	5	0
CAACCCGCACTCGCTC-1	10x_multiomics	5820	2491	2.90378006872852	20923	9978	0.741359109548916	0.87	4.50055562415113	0.4	0.571198471198471	36630	6193	8283	0	0	0	1	0
GTACACCCATGCTCCC-1	10x_multiomics	15830	4811	13.9039797852179	24062	11950	0.6057156133829	0.65	4.47953533455391	0.39	0.54394610724297	44236	6540	10955	3	3	3	4	1
GGCTAGTGTTCACTGT-1	10x_multiomics	6568	3043	7.17113276492083	36078	16234	0.832568807339449	0.94	4.48415221142493	0.39	0.513873062898815	70208	12299	14989	0	0	0	1	0
CTTAATGAGCGAGTAA-1	10x_multiomics	1166	945	4.03087478559177	33816	15940	0.761709401709402	0.89	3.6262802617943	0.1	0.507671520792674	66610	11105	14868	1	1	1	3	1
GTCATCACAAGCGAGC-1	10x_multiomics	7603	2883	5.44521899250296	47348	20080	0.660844998073713	0.75	4.65666998833455	0.47	0.579832961865341	81658	13034	19329	0	0	0	1	0
GCTTCGCGTAGGATCC-1	10x_multiomics	1640	1072	1.28048780487805	29289	12370	0.522727272727273	0.49	6.28058809876993	0.91	0.654824718297263	44728	6303	11917	1	1	1	4	1
TGGATTCAGCGGATTT-1	10x_multiomics	5513	2536	10.3029203700345	17312	8523	0.790952207223641	0.91	4.44884628265716	0.38	0.563835330901511	30704	5042	6368	0	0	0	2	0
TGCAAGCGTAACCACA-1	10x_multiomics	4209	2057	3.96768828700404	4187	2208	0.544285714285714	0.54	4.63147963147963	0.46	0.609816487037577	6866	1048	1685	2	2	2	5	0
AAAGGACGTCAGGAAG-1	10x_multiomics	2531	1389	11.8925325958119	5109	2641	0.458672875436554	0.33	6.30797773654916	0.92	0.665061181983858	7682	1050	2136	2	2	2	5	0
ATTTGCAAGCGAGTAA-1	10x_multiomics	8689	3657	9.01139371619289	17672	8371	0.483707458363505	0.4	5.11240584233285	0.66	0.657293758833594	26886	3441	7054	0	0	0	2	1
TTTCCACCAAACTCAT-1	10x_multiomics	7414	2837	4.93660642028594	3941	2032	0.411764705882353	0.23	6.36636091181551	0.92	0.70274607703281	5608	677	1627	0	0	0	5	0
AGCTTAATCTATTGTC-1	10x_multiomics	4515	2268	4.11960132890365	20451	9422	0.641652613827993	0.71	5.34482352664171	0.73	0.560454919155933	36490	5619	8886	4	4	4	0	1
GCGAAGTAGAGGCTAA-1	10x_multiomics	4772	2381	10.4149203688181	21560	10191	0.734383637368712	0.86	4.86816554232284	0.56	0.558896723351306	38576	6489	8759	2	2	2	1	0
ATCCTTAGTTACTTCA-1	10x_multiomics	6932	2991	2.94287362954414	25093	11979	0.516047684548372	0.47	4.55264034211402	0.43	0.614843673429384	40812	5530	10993	0	0	0	4	1
ACCCGTAAGCGGATTT-1	10x_multiomics	1824	1359	1.69956140350877	60336	27611	1.04642621715792	0.99	3.08489959652751	0.03	0.409296267654361	147414	28634	26958	1	1	1	4	1
CTGACATAGGCAAGTA-1	10x_multiomics	1428	899	5.32212885154062	12642	6176	0.492300171107309	0.42	3.72899827445281	0.12	0.369843777426716	34182	4612	9273	5	5	5	0	1
TTCATTCAGCCGCTAA-1	10x_multiomics	4384	2405	2.1213503649635	44365	20403	0.802168021680217	0.92	3.81846892110822	0.15	0.508294951994684	87282	14884	18963	1	1	1	3	1
GTCATGAGTGTTGTAG-1	10x_multiomics	1780	1091	5.73033707865168	7627	3701	0.457547169811321	0.33	6.19192128626094	0.9	0.720616024187453	10584	1303	3061	0	0	0	5	0
ACGACAAAGGGTTAGA-1	10x_multiomics	3379	1894	8.25688073394496	20368	9599	0.699104108742663	0.81	4.84255628764297	0.55	0.571653101319113	35630	5815	8115	0	0	0	2	0
ATTTAGCCAGCATGTC-1	10x_multiomics	3778	1987	1.3499205929063	26116	12309	0.667460489283395	0.76	4.45756490700312	0.38	0.550227540873083	47464	7633	11233	2	2	2	1	0
CCAAGGCTCATGCCTC-1	10x_multiomics	17584	5315	3.00841674249318	12196	6374	0.786239723063609	0.91	4.19019183064128	0.27	0.458323938369034	26610	4623	5991	3	3	3	0	1
TAGTGAGAGGTAAGCA-1	10x_multiomics	6975	3073	2.37992831541219	42317	20375	0.715163430818383	0.84	3.37162837162835	0.05	0.474554792984345	89172	14536	20447	3	3	3	3	1
AAAGCCCGTTGGTTAG-1	10x_multiomics	2436	1411	5.00821018062397	13095	6621	0.479909996785599	0.39	5.24640194969864	0.7	0.460961700929316	28408	3855	7821	0	0	0	2	1
GGGCTAACATCAGCAC-1	10x_multiomics	6758	3039	8.15329979283812	8682	4269	0.401190476190476	0.22	5.44735264735266	0.76	0.605186114596403	14346	1790	4109	0	0	0	5	0
ATCCAACAGTTATTCC-1	10x_multiomics	5372	2284	5.23082650781832	5965	2962	0.347250509164969	0.15	6.98289052719428	0.96	0.738974231912785	8072	903	2392	0	0	0	5	0
TCCTTCAAGCTTGCTC-1	10x_multiomics	1027	813	8.27653359298929	29684	13942	0.672867603403918	0.77	4.24098514550776	0.29	0.55442659693687	53540	8671	12561	1	1	1	3	1
AGCTATATCAGGGCCT-1	10x_multiomics	7311	2722	2.07905895226371	12702	6224	0.472727272727273	0.37	5.80726463079408	0.84	0.66782334384858	19020	2421	5267	1	1	1	0	1
AGCGGATAGGTGTTAC-1	10x_multiomics	6503	2982	1.59926187913271	43854	20878	0.752265043948614	0.88	3.2517405789295	0.04	0.526800086490642	83246	13736	18229	3	3	3	3	1
TGGACAAAGCCTAACG-1	10x_multiomics	1080	664	2.5	8931	4506	0.581395348837209	0.61	3.45759503654239	0.07	0.398954703832753	22386	3381	5487	5	5	5	0	1
CAATGTGGTTGTTGTC-1	10x_multiomics	3713	1805	5.278750336655	18092	8598	0.695389507154213	0.8	4.94791832371451	0.59	0.548541628767206	32982	5414	7615	0	0	0	2	0
TGTCAATCATTGACAT-1	10x_multiomics	3092	1887	5.627425614489	23464	10663	0.79248158496317	0.92	5.30541777424569	0.72	0.546029973005678	42972	7529	9470	2	2	2	1	0
GTGCTCCGTAGGTTAT-1	10x_multiomics	7805	3259	5.65022421524664	36089	16161	0.340359364201797	0.15	4.17915417915419	0.27	0.527169943615063	68458	7227	21702	5	5	5	1	0
CTTAGGAGTAAGCACC-1	10x_multiomics	3596	2019	2.11345939933259	48107	22392	0.647863522974169	0.73	3.37500337500338	0.06	0.343537997914792	140034	21248	32427	3	3	3	4	1
CCGCTAAAGGTGCGGA-1	10x_multiomics	4526	2189	12.2845779938135	23946	11116	0.644434006575857	0.72	4.88908076847776	0.56	0.561269454340896	42664	6711	10424	2	2	2	1	0
CGTAATGGTGGATGTC-1	10x_multiomics	8952	3448	2.50223413762288	32857	15150	0.592813351498638	0.63	3.79967858228725	0.15	0.565349805567982	58118	8626	14625	1	1	1	3	1
ACCGAAGCACCAGCAT-1	10x_multiomics	3098	1559	3.58295674628793	10645	5327	0.844640082858622	0.95	3.85118237467228	0.16	0.490779160903642	21690	3821	4666	1	1	1	0	1
ACCTAAATCATTACGA-1	10x_multiomics	3019	1628	5.00165617754223	37702	17238	0.90486553707446	0.98	3.71606713070129	0.12	0.49433576336078	76268	14713	15595	0	0	0	1	0
TACCGTTGTCCTTAGT-1	10x_multiomics	4672	2103	4.2166095890411	13148	6344	0.530536130536131	0.5	5.48263617570551	0.77	0.636707021791768	20650	2802	5264	0	0	0	2	0
GTGTGTTAGTAGGATG-1	10x_multiomics	16358	5019	8.50348453356156	39914	18020	0.63993783993784	0.71	4.51388611388612	0.41	0.586384204031263	68068	10180	16020	0	0	0	2	0
CCTACTGGTTTATGGG-1	10x_multiomics	17473	5294	12.0070966634236	5022	2653	0.421052631578947	0.25	4.64535464535463	0.46	0.62184249628529	8076	973	2203	1	1	1	0	1
GACCGTTCACAAAGAC-1	10x_multiomics	4026	2417	4.59513164431197	26342	12098	0.663526244952894	0.75	3.86184212899015	0.17	0.579428973648322	45462	7197	10453	1	1	1	4	1
CAATATGTCGTTTCGC-1	10x_multiomics	1572	1129	1.14503816793893	29133	13500	0.859039650782103	0.96	4.0321970081674	0.22	0.447030842412153	65170	11895	13466	1	1	1	4	1
TACAACATCTAATCTC-1	10x_multiomics	9968	3945	6.29012841091493	24769	11990	0.727797833935018	0.85	3.86701905689244	0.17	0.544684874873554	45474	7423	10445	1	1	1	4	1
GGCTTAAGTGGTGAGA-1	10x_multiomics	7831	3468	4.16294215298174	40938	19280	0.776866764275256	0.9	3.84526505522947	0.16	0.528778093515887	77420	13283	16897	3	3	3	3	1
GGACAGCCAACTCGCG-1	10x_multiomics	8499	3196	0.870690669490528	44455	20238	0.708758397611346	0.83	3.36501443220811	0.05	0.509186081139899	87306	14272	20312	3	3	3	3	1
TGATTAGTCGTTTCCA-1	10x_multiomics	6308	2848	8.65567533291059	19585	9257	0.484830458060678	0.4	4.60776337064996	0.45	0.668430034129693	29300	3806	8113	0	0	0	1	0
GAGCGATAGCATGTCG-1	10x_multiomics	4043	2005	5.66411080880534	26075	12121	0.683163737280296	0.78	4.4506746101279	0.38	0.58099376114082	44880	7202	10643	0	0	0	1	0
GCCATTACAGTAGGTG-1	10x_multiomics	6029	2549	1.44302537734284	4614	2420	0.468495181616012	0.36	3.44905094905095	0.07	0.462046865611857	9986	1291	3006	5	5	5	0	1
ACGACTTAGCAAGATG-1	10x_multiomics	4464	2760	0.940860215053763	25706	12253	0.849227974568574	0.96	4.61374374417856	0.45	0.491378980769966	52314	9530	10743	1	1	1	4	1
GGTTACCCATTGTTGG-1	10x_multiomics	4870	2512	10.1026694045175	15960	7582	0.344932432432432	0.15	5.42395992632958	0.76	0.691627665106604	23076	2619	7082	2	2	2	1	0
AAGGCCCTCCTTAGGG-1	10x_multiomics	8264	3489	12.8146176185866	6835	3523	0.48646288209607	0.4	5.53500553500547	0.78	0.628563546073202	10874	1392	2847	1	1	1	0	1
GACATTATCCTAGTTT-1	10x_multiomics	4397	2067	5.29906754605413	11980	6002	0.700313807531381	0.81	6.04359144505131	0.88	0.600441058540497	19952	3230	4734	0	0	0	2	0
GGTAATTGTTTACTTG-1	10x_multiomics	12687	5273	5.1233546149602	58326	25137	0.612842725730106	0.67	4.27832522507078	0.3	0.535238409866755	108972	17233	27225	1	1	1	4	1
GCAACAGCAACTAACT-1	10x_multiomics	4318	2118	7.54979157017138	53739	23819	0.786821246894594	0.91	3.8931482718465	0.18	0.541800254068114	99186	16811	22021	0	0	0	3	1
AGCTACGTCCGCAAAT-1	10x_multiomics	5597	2521	8.39735572628194	9791	4850	0.425106124924196	0.26	5.68354722200876	0.82	0.704895608351332	13890	1686	4006	0	0	0	2	0
GGACCGAAGGCATGTT-1	10x_multiomics	9655	3590	11.279129984464	15664	7759	0.551537681649206	0.55	4.54223196158679	0.42	0.556882821387941	28128	4121	7133	3	3	3	0	1
ATTGCGCCACCTCGCT-1	10x_multiomics	6483	2825	7.54280425728829	24319	11344	0.603914499098635	0.65	4.59206531629931	0.44	0.630875791221334	38548	5746	9615	2	2	2	4	1
CTATAACCACGGTTTA-1	10x_multiomics	1668	1146	1.2589928057554	41658	19006	0.63347405016141	0.7	3.60344783421707	0.1	0.492434630478982	84596	13159	20704	1	1	1	3	1
TAGCCGGGTTCAAGAT-1	10x_multiomics	4183	2094	9.13220176906526	11212	5581	0.571353065539112	0.59	5.37644174007812	0.74	0.631946792920753	17742	2583	4665	2	2	2	2	0
GGAGCAAGTTACGCGG-1	10x_multiomics	2648	1437	17.6737160120846	8836	4271	0.333746898263027	0.14	6.16747593491781	0.9	0.738055462746408	11972	1268	3664	0	0	0	5	0
CCTAGTTGTTTAACCC-1	10x_multiomics	14051	4532	14.027471354352	16759	8301	0.634903249361081	0.7	4.11983453808546	0.25	0.576544653914958	29068	4408	6865	3	3	3	3	1
CTAGTGAGTCAAACTG-1	10x_multiomics	8618	3343	7.17103736365746	4672	2502	0.595588235294118	0.64	3.41614906832302	0.06	0.596222562531904	7836	1174	1975	0	0	0	5	0
TTTCAGTTCGTTTCGC-1	10x_multiomics	8088	3415	1.7433234421365	45152	20776	0.742752377678469	0.87	4.3010448670826	0.31	0.451628390813795	99976	16697	22016	4	4	4	4	1
CTATTACTCCCTGTTA-1	10x_multiomics	1488	1019	16.3978494623656	55712	23083	0.415171572896708	0.24	3.10042521580983	0.03	0.601135112971795	92678	11899	28368	1	1	1	4	1
TGCTTCATCTGGCAAT-1	10x_multiomics	2095	1313	5.72792362768496	6055	2809	0.571955719557196	0.59	4.90869130869132	0.58	0.625645794585658	9678	1469	2540	2	2	2	5	0
ATCGGCCAGAGAAGGG-1	10x_multiomics	2129	1602	0.845467355565993	30249	13967	0.710555972952667	0.83	4.64656756047485	0.47	0.534793677734168	56562	9047	13094	1	1	1	4	1
TTGCAAGGTGTAATAC-1	10x_multiomics	4206	2071	8.41654778887304	7648	3833	0.449893390191898	0.31	5.31294792164358	0.72	0.64139550486414	11924	1517	3442	2	2	2	5	0
TTAGCGGTCCCTCGCA-1	10x_multiomics	4981	2403	6.04296326038948	8561	4305	0.447368421052632	0.31	5.32856973534941	0.72	0.696469248291572	12292	1500	3396	0	0	0	5	0
GAGTGAGGTTTGACCT-1	10x_multiomics	2917	1618	1.61124442920809	19724	9349	0.655696202531646	0.74	4.33424842873662	0.33	0.564219921048115	34958	5701	8463	2	2	2	1	0
CAAACAACAGCATGAG-1	10x_multiomics	5605	2415	11.8465655664585	9546	4713	0.410408042578356	0.23	4.4748151257027	0.39	0.680011397634991	14038	1599	4116	0	0	0	2	0
AGCAATACAAGACTCC-1	10x_multiomics	4442	2028	5.92075641602882	20638	9612	0.442165242165242	0.3	5.20560520560519	0.68	0.66308957717517	31124	4000	8993	2	2	2	1	0
ACACGGACACGGTTTA-1	10x_multiomics	5638	2433	7.71550195104647	26389	11641	0.46436737804878	0.35	4.99148428663847	0.61	0.569686110271577	46322	6006	12932	0	0	0	4	1
CATTATCTCACAGCCA-1	10x_multiomics	18005	5776	4.19327964454318	32873	13907	0.39548532731377	0.21	4.62097144561599	0.46	0.599150657966682	54866	6412	16299	5	5	5	2	0
ATTACGTCACCTATAG-1	10x_multiomics	2817	1648	7.3482428115016	48484	21568	0.535628227194492	0.52	3.95125559176913	0.19	0.56934169426243	85158	11838	22673	1	1	1	3	1
GGACAGCCAAGGAATC-1	10x_multiomics	11519	3805	12.9351506207136	5500	2678	0.511054421768708	0.46	3.53273100525847	0.08	0.532532920216886	10328	1542	2894	3	3	3	0	1
CGAACAAAGGTGCTGC-1	10x_multiomics	3861	1899	4.89510489510489	12633	6047	0.493574488338886	0.42	5.82717282717283	0.85	0.666086681429927	18966	2534	5183	2	2	2	2	0
AAAGGCTCAGGCTAAG-1	10x_multiomics	3091	1699	2.16758330637334	13501	6416	0.475974614687217	0.38	5.28292668030663	0.71	0.673568150069846	20044	2582	5473	2	2	2	2	0
CGGAGCAAGTCATTGA-1	10x_multiomics	4417	2313	17.6590446004075	7627	3864	0.489311163895487	0.41	4.8013055646643	0.53	0.662986787204451	11504	1484	3190	2	2	2	5	0
TTGCAGCCAATGCGCT-1	10x_multiomics	16697	5326	5.7854704437923	42655	18797	0.741776778183863	0.87	4.9035541572855	0.57	0.548152050992084	77816	12816	17271	3	3	3	3	1
TCCATTGTCCCTCATA-1	10x_multiomics	4464	2330	6.40681003584229	16740	8207	0.639776951672862	0.71	5.04850797737827	0.64	0.5972172672137	28030	4312	6575	1	1	1	2	0
TTCGTTAGTTGGTTCT-1	10x_multiomics	3187	1779	3.26325698148729	18687	8704	0.861913043478261	0.96	5.15521630072712	0.67	0.559524522426493	33398	5943	7060	2	2	2	1	0
GTCTAGCCACCTAAGC-1	10x_multiomics	4957	2370	1.1700625378253	40138	18557	0.543323474641253	0.53	3.77177063567595	0.14	0.448359062576797	89522	13085	23165	3	3	3	4	1
GTTAAGCTCCAATTAG-1	10x_multiomics	4553	2253	2.89918734900066	6436	3209	0.462121212121212	0.34	5.09391598500511	0.65	0.634338655627834	10146	1302	2746	1	1	1	0	1
TCCTTAGTCGGTAACT-1	10x_multiomics	1948	1221	3.33675564681725	20948	9642	0.777199074074074	0.9	4.49030136530137	0.4	0.517592409567108	40472	7108	8778	0	0	0	1	0
GCGCAAACACAACCTA-1	10x_multiomics	10650	3899	5.56807511737089	23915	11673	0.611554214270317	0.67	3.74625374625375	0.13	0.499040106840282	47922	7220	11724	3	3	3	3	1
CATAATCCATGTCAGC-1	10x_multiomics	10908	3876	10.5793912724606	16017	7728	0.338804583462372	0.15	4.86237900030999	0.56	0.6330329618212	25302	2712	8019	0	0	0	2	0
TCTCCTCGTTGACTTC-1	10x_multiomics	4487	2344	6.15110318698462	7457	3734	0.38125	0.19	4.94548186855878	0.59	0.709514747859182	10510	1262	3086	0	0	0	5	0
CAGCTCAAGGCGCTTA-1	10x_multiomics	6090	2660	2.33169129720854	17901	8834	0.799386920980926	0.92	4.9807335521621	0.61	0.542816423069925	32978	5641	7084	3	3	3	3	1
GGGTTATTCGGGACCT-1	10x_multiomics	4671	2190	13.1877542282167	23668	10724	0.499758919961427	0.43	4.964226374148	0.6	0.649541687249575	36438	5080	10047	2	2	2	1	0
AGCTCATAGTAGCGGG-1	10x_multiomics	6687	2978	12.0981007925826	12239	5988	0.415094339622642	0.24	4.19478480702975	0.28	0.646881606765328	18920	2265	5472	1	1	1	3	1
TCGCCCATCATGGCCA-1	10x_multiomics	12876	4370	15.7191674433054	9631	5087	0.724293059125964	0.85	3.22502356400665	0.04	0.563743853898384	17084	2767	3671	1	1	1	0	1
GGACCGAAGCACAGAA-1	10x_multiomics	1976	1392	3.69433198380567	25567	11881	0.744914564686737	0.87	3.80201194154683	0.15	0.472815031253467	54074	9011	12358	1	1	1	4	1
TTAGCGGTCTCACATT-1	10x_multiomics	6221	2798	4.51695868831378	28668	13152	0.487915145192141	0.41	4.44805194805195	0.38	0.551456161274189	51986	7216	14231	5	5	5	1	0
TGTCATAAGGAGCAAC-1	10x_multiomics	3918	2087	7.37621235324145	12396	6312	1.15033783783784	1	4.74734845992328	0.51	0.280110272517739	44254	9196	7707	1	1	1	0	1
TACTGCACAGCCGCTA-1	10x_multiomics	4827	2736	6.02858918582971	10603	5073	0.562717770034843	0.57	4.97898328087008	0.6	0.625914994096812	16940	2454	4311	1	1	1	0	1
GCGTGCTAGGCAAGTA-1	10x_multiomics	10535	3877	14.0104413858567	11300	5703	0.48991205380238	0.41	4.23786739576213	0.29	0.617891513560805	18288	2402	4815	1	1	1	0	1
TGCGGTTCAGGCGAGT-1	10x_multiomics	3549	1955	9.5519864750634	18670	8864	0.573298429319372	0.59	4.52577725304997	0.41	0.587476400251731	31780	4731	7949	2	2	2	1	0
ACTATCCGTGGAGCAA-1	10x_multiomics	8725	3218	14.7163323782235	20852	10027	0.524827024827025	0.49	3.50985648015353	0.08	0.423511251929482	49236	6875	13241	0	0	0	3	1
GGCCGTTAGCTCCTAC-1	10x_multiomics	11644	3708	3.26348333905874	29840	12947	0.56697247706422	0.58	4.93223251843941	0.58	0.588792423046567	50680	7312	12469	0	0	0	2	0
CAGCTATAGGATTGAG-1	10x_multiomics	2903	1746	1.13675508095074	6170	3291	0.74949494949495	0.88	3.40400340400342	0.06	0.559180714156244	11034	1860	2412	1	1	1	0	1
GGTACTTAGGATAAAC-1	10x_multiomics	7846	3198	4.9706856997196	38166	17716	0.571390658174098	0.59	3.70883035459839	0.12	0.512419107972396	74482	11003	18865	3	3	3	3	1
GAACTTATCCTTTACG-1	10x_multiomics	2316	1464	1.42487046632124	27093	12392	0.676522506619594	0.77	4.16521463033092	0.27	0.581369898287627	46602	7249	11174	2	2	2	1	0
GCTAACCCAACTAGCC-1	10x_multiomics	4807	2195	3.14125234033701	7346	3783	0.678694158075601	0.78	4.76927652500167	0.52	0.603516266841932	12172	1941	2946	0	0	0	5	0
CACATTAAGTTAGAGG-1	10x_multiomics	3391	1717	4.27602477145385	11529	5603	0.512933406714364	0.47	6.26711418078321	0.91	0.679936305732484	16956	2273	4535	0	0	0	2	0
TTCGTTAGTAAGCTCA-1	10x_multiomics	3648	1906	3.45394736842105	27036	12246	0.716049382716049	0.84	4.62843279169811	0.46	0.562640472821111	48052	7914	11137	0	0	0	1	0
TTGTCAAAGTAAGTCC-1	10x_multiomics	2461	1512	11.7838277123121	18130	8463	0.737883283877349	0.86	4.91778160489818	0.58	0.566527092056746	32002	5188	7280	2	2	2	1	0
CTGTAACAGTAGCGCC-1	10x_multiomics	5132	2831	2.98129384255651	23161	10942	0.486094019197637	0.4	4.609544301852	0.45	0.630643141098949	36726	4956	10051	1	1	1	4	1
AGGATGCAGGAACGGT-1	10x_multiomics	3928	1923	9.0122199592668	8986	4234	0.355769230769231	0.16	6.96292954357466	0.96	0.690062970357856	13022	1466	3956	0	0	0	5	0
TTTGTCCCACAACCTA-1	10x_multiomics	4330	2111	2.35565819861432	13429	6413	0.564102564102564	0.57	5.51376874246831	0.78	0.622231489203966	21582	3157	5381	0	0	0	2	0
TTGCGTCTCGATTTGA-1	10x_multiomics	16073	4658	9.53151247433584	23081	10705	0.429582806573957	0.28	5.3588835407017	0.73	0.663323370502357	34796	4225	9815	0	0	0	2	0
CAGCCAATCTAATTGG-1	10x_multiomics	3611	1749	3.79396289116588	28213	12822	0.722993492407809	0.84	4.5974601530157	0.44	0.569522386854536	49538	8356	11459	0	0	0	1	0
ACAACAACACTGGCTG-1	10x_multiomics	3042	1931	3.35305719921105	18091	8454	0.70266753415745	0.82	4.37013966425733	0.34	0.580882352941177	31144	5300	7468	0	0	0	2	0
ACCCAGGGTTGAGGTC-1	10x_multiomics	9272	3756	14.4197584124245	54898	24238	0.572653429602888	0.59	3.44342846825471	0.07	0.355616878489901	154374	22539	39711	4	4	4	4	1
TGCTCCGTCTGTAAGC-1	10x_multiomics	8583	3239	8.2139112198532	15525	7330	0.426587301587302	0.27	4.89320565366189	0.57	0.714252852410747	21736	2636	6065	0	0	0	2	0
GGAAGCTAGGCGTAAA-1	10x_multiomics	10405	4293	10.8793849111004	18078	8941	0.740497581202488	0.86	5.10773273419188	0.66	0.561045248587921	32222	5315	7055	1	1	1	2	0
AAGGTCAAGCCTAACG-1	10x_multiomics	13518	4365	13.5301080041426	27202	13669	1.0172541286665	0.99	3.46925801471255	0.07	0.509362594562205	53404	9951	9980	1	1	1	4	1
TTTAGGATCACCGGTA-1	10x_multiomics	7676	3735	13.470557582074	24329	11608	0.716871832005793	0.84	4.93727235936868	0.59	0.546694530582895	44502	7378	10399	1	1	1	4	1
ACGCCACAGACAGGCG-1	10x_multiomics	2034	1260	8.21042281219272	15901	7638	0.690978886756238	0.79	5.02991432359462	0.63	0.584896637975429	27186	4390	6153	2	2	2	1	0
CGATTATCAAAGCGGC-1	10x_multiomics	4241	2213	11.5538788021693	17415	8533	0.764517278232989	0.89	5.36362861944259	0.74	0.558817866769349	31164	5263	6904	0	0	0	2	0
GCTTTGTGTGTTTGAG-1	10x_multiomics	1015	762	1.18226600985222	15642	7536	0.718049666868565	0.84	4.33075696233587	0.33	0.521539077087223	29992	4935	6899	1	1	1	0	1
AATACCGGTGCATTAG-1	10x_multiomics	8363	3394	1.73382757383714	27954	13368	0.654936657952946	0.74	4.144181177674	0.26	0.530516966522432	52692	8369	12288	3	3	3	3	1
CTTAACAAGGTGAAGC-1	10x_multiomics	5109	2443	7.49657467214719	6865	3474	0.435406698564593	0.29	5.33623679691096	0.73	0.709780810587262	9672	1131	2729	1	1	1	0	1
ATATGCTCATGATTGT-1	10x_multiomics	6637	2896	5.7254783787856	9357	4826	0.588803088803089	0.62	5.72248264555956	0.83	0.590719696969697	15840	2352	3899	1	1	1	0	1
CAAGAACCAGGCCTTG-1	10x_multiomics	7010	2886	13.7089871611983	6090	3117	0.389144434222631	0.2	4.55050567410119	0.43	0.683194974197891	8914	1037	2654	0	0	0	5	0
TACAGGTTCCTTAATC-1	10x_multiomics	6560	2648	6.90548780487805	8296	4270	0.52124072825354	0.48	4.61425367085748	0.45	0.584307648964643	14198	2049	3713	3	3	3	0	1
TATCACAAGTGTTGCG-1	10x_multiomics	3436	1761	6.0244470314319	23914	11324	0.734939759036145	0.86	4.61589692358922	0.45	0.597670698790363	40012	6639	8972	0	0	0	1	0
TAATGGTGTTCCGGGA-1	10x_multiomics	6458	3006	6.39516878290492	9697	4789	0.497303774715398	0.43	5.1565455820775	0.67	0.626097623966942	15488	1980	4285	3	3	3	0	1
TGGTAAACAAAGCTCC-1	10x_multiomics	10161	4063	11.2784174785946	16651	8264	0.576617480136209	0.6	4.88441790767371	0.56	0.609703405346027	27310	3848	6914	1	1	1	3	1
GTTGTTGCACTGACTA-1	10x_multiomics	11499	4258	1.6610140012175	7626	3866	0.437928408225438	0.29	5.06493506493507	0.64	0.632443191242329	12058	1423	3312	3	3	3	0	1
GACAATACAAGGTATA-1	10x_multiomics	2325	1421	1.63440860215054	17346	8257	0.586626139817629	0.62	5.38340969375447	0.74	0.60153974198918	28836	4465	7234	0	0	0	1	0
GGCGGTAAGTAGCCAT-1	10x_multiomics	1916	1422	3.75782881002088	17471	8517	0.692462311557789	0.8	3.81142036771175	0.15	0.594615751140154	29382	4747	6903	1	1	1	3	1
CTATGTTTCAATTACG-1	10x_multiomics	7946	3230	5.75132141958218	25659	11693	0.692236384704519	0.8	5.21542339724156	0.69	0.576866007194245	44480	7119	10450	0	0	0	1	0
ATTGAAGCATGCAACC-1	10x_multiomics	10403	3732	4.92165721426512	71392	29583	0.664866836920832	0.75	4.03432884251299	0.22	0.509055645874333	140244	21937	33185	1	1	1	3	1
TTATAGCCAGGGAGCT-1	10x_multiomics	9376	3750	2.07977815699659	40244	19205	0.655518394648829	0.74	3.70752054962582	0.12	0.489217378619533	82262	12407	19246	4	4	4	4	1
GCTTACCTCGAGGAGT-1	10x_multiomics	7451	3217	9.11287075560328	7649	3951	0.450471698113208	0.31	3.93236393236392	0.19	0.624612118242691	12246	1465	3236	1	1	1	0	1
CAAGAACCATAGCAGG-1	10x_multiomics	5034	2329	3.69487485101311	13298	6753	0.864553314121037	0.96	4.4278591363793	0.37	0.544553644553645	24420	4353	5155	0	0	0	2	0
GCATGAAAGCTATGAC-1	10x_multiomics	3875	1933	6.4258064516129	21794	10221	0.533674568965517	0.51	4.60675687948415	0.45	0.629957220487918	34596	4792	9292	4	4	4	2	0
CCTTACTCAGAAACGT-1	10x_multiomics	17921	4803	19.0781764410468	13268	6624	0.695160560832203	0.8	3.98580143260994	0.2	0.52982988579187	25042	3955	5673	4	4	4	0	1
GATCACTAGCTAATTG-1	10x_multiomics	3998	2036	3.52676338169085	24172	10921	0.685323383084577	0.79	5.23740219171692	0.7	0.600069509954819	40282	6677	9699	0	0	0	1	0
TTAGCTGCAGCTCATA-1	10x_multiomics	10431	3562	9.0020132297958	6633	3392	0.468839884947267	0.36	5.45960064032356	0.76	0.695720578980491	9534	1223	2566	0	0	0	5	0
GTAGTTATCAAACCGT-1	10x_multiomics	8588	3093	14.1942244993014	19898	9633	0.657216494845361	0.74	4.84386462246242	0.55	0.605170316301703	32880	5084	7790	1	1	1	3	1
TAGCGGACAGCCTGCA-1	10x_multiomics	9325	3540	4.96514745308311	16674	8538	0.574755315558556	0.6	3.59551559551558	0.1	0.535865792518319	31116	4456	7753	3	3	3	3	1
TCGTTAGCAGGAACCA-1	10x_multiomics	9897	4372	4.13256542386582	8814	4519	0.5242656449553	0.49	4.40131297274155	0.36	0.549912652857499	16028	2150	4043	3	3	3	0	1
TTTCCTGAGAAAGCAT-1	10x_multiomics	10470	4119	12.7602674307545	10546	5281	0.533514986376022	0.51	5.42586665035643	0.76	0.617086015213575	17090	2363	4461	4	4	4	0	1
GGCTATGTCGGTTACG-1	10x_multiomics	18687	6105	8.44437309359448	18873	9185	0.373342803030303	0.18	4.60221596585235	0.45	0.546821579648838	34514	3935	10626	5	5	5	3	1
GAACCAAAGGTAAGGC-1	10x_multiomics	4500	2225	3.68888888888889	33039	14684	0.672785599714846	0.77	4.84778379515218	0.55	0.567504895393177	58218	9285	13925	0	0	0	1	0
TTAGCAGGTAGCAGCT-1	10x_multiomics	3319	1724	5.42332027719192	8764	4306	0.414012738853503	0.24	6.60274305134122	0.94	0.721198156682028	12152	1409	3576	0	0	0	5	0
TACTGCACACAACAGG-1	10x_multiomics	3405	1778	6.51982378854626	6331	3158	0.358926919518964	0.16	6.24613481756333	0.91	0.757840555422552	8354	923	2480	2	2	2	5	0
AGGCAATCAAGCTTAT-1	10x_multiomics	13274	4803	4.4749133644719	17591	7776	0.463067484662577	0.35	4.31984681984682	0.32	0.517138993414864	34016	4120	9804	5	5	5	0	1
TCATGTTTCCAGGTTG-1	10x_multiomics	19895	5583	10.1181201306861	47407	19903	0.695607529948659	0.8	4.69230018102194	0.49	0.521931080039635	90830	14925	20770	4	4	4	2	0
CGCCTCATCGTAATCA-1	10x_multiomics	14829	4724	2.79182682581428	25950	11903	0.578921688216638	0.61	5.23909587948992	0.7	0.613562207405306	42294	6010	10398	0	0	0	1	0
TCGTAATCATCGCTCC-1	10x_multiomics	3199	1998	7.28352610190685	7486	3850	0.530339805825243	0.5	4.8951048951049	0.57	0.405921266673897	18442	2520	4807	0	0	0	5	0
GCATGAGCAGAAACGT-1	10x_multiomics	6532	3013	9.98162890385793	8270	4138	0.349609375	0.16	5.49884897710988	0.77	0.674551386623165	12260	1328	3615	1	1	1	0	1
TATGGATGTTCAAGAT-1	10x_multiomics	5683	2558	3.55446067218019	11294	5590	0.566756032171582	0.58	4.97477206337968	0.6	0.635494035561557	17772	2501	4480	3	3	3	0	1
GAGGTAGGTTTGTTGC-1	10x_multiomics	5152	2449	8.38509316770186	11239	5614	0.461699895068206	0.34	4.64535464535466	0.46	0.658021077283372	17080	2222	4820	0	0	0	2	0
ATTAACCCAAGCTAAA-1	10x_multiomics	6894	3130	14.6649260226284	10095	5039	0.477783872737246	0.38	4.8243423243423	0.54	0.607546942705826	16616	2184	4473	3	3	3	0	1
GGTAGGAGTTCATCTA-1	10x_multiomics	8718	3925	11.0575820142234	13827	7036	0.646900269541779	0.72	4.08395432318877	0.24	0.525461731397735	26314	4075	5981	1	1	1	0	1
CTCCTAATCTCACATT-1	10x_multiomics	5737	2675	8.68049503224682	11524	5549	0.411322645290581	0.23	7.01173826173826	0.96	0.678600871511012	16982	2019	4888	2	2	2	2	0
TCCATTGTCGGGACTC-1	10x_multiomics	9478	3738	14.327917282127	22031	10666	0.656181619256017	0.74	4.7728542643797	0.52	0.567867821424889	38796	6037	9278	1	1	1	3	1
ACGAACAAGAGGGACT-1	10x_multiomics	3715	1882	7.21399730820996	9584	4603	0.378201310303752	0.19	5.71945061740978	0.83	0.722448364239409	13266	1544	4015	2	2	2	2	0
AGCCTCCGTACTTAGG-1	10x_multiomics	4285	2037	4.03733955659276	14709	6845	0.546408393866021	0.54	5.0380276657649	0.63	0.623315535214849	23598	3453	6027	0	0	0	2	0
AGGCTAGCATGTCAAT-1	10x_multiomics	5386	2260	9.65466023022651	4781	2454	0.429155313351499	0.27	5.8842565884819	0.86	0.714435146443515	6692	802	1903	0	0	0	5	0
CAAGGTTTCAGTATTG-1	10x_multiomics	3252	1799	1.93726937269373	6294	3278	0.825734549138805	0.94	4.05737120022834	0.23	0.581270779460658	10828	1988	2329	2	2	2	5	0
GCCCAAATCCCGCAAA-1	10x_multiomics	6197	2568	5.08310472809424	12104	6069	0.673020527859237	0.77	5.20915548539856	0.69	0.570297776102525	21224	3343	5012	0	0	0	2	0
CCCAAACCAGCATGGA-1	10x_multiomics	5880	2663	6.46258503401361	19835	9644	0.757094903875496	0.88	5.06984424510197	0.65	0.542384468143287	36570	6005	8047	0	0	0	2	0
GGTCGGTTCTAATCTC-1	10x_multiomics	5008	2389	8.80591054313099	31828	14783	0.539343968453128	0.52	4.502101671913	0.4	0.612548113933795	51960	7352	13846	0	0	0	1	0
AGCTAACTCACTCAAA-1	10x_multiomics	8736	3385	4.81913919413919	16354	8191	0.552677633881694	0.55	4.12732807099004	0.25	0.57070072585148	28656	3957	7246	3	3	3	0	1
TATCGCGAGCTTCCCG-1	10x_multiomics	10161	3878	3.61184922743824	29537	13875	0.785575427682737	0.91	4.1744394219642	0.27	0.506013156993079	58372	9744	12614	3	3	3	3	1
ATTACGTCAGGCTTCG-1	10x_multiomics	3451	1882	8.54824688496088	5804	2902	0.412995594713656	0.24	6.56877369206144	0.94	0.751035196687371	7728	872	2250	0	0	0	5	0
GTCCTCCCAGCTCAAC-1	10x_multiomics	9358	3979	2.76768540286386	25843	11736	0.739705882352941	0.86	5.4012654012654	0.75	0.575030038716568	44942	7410	9932	0	0	0	2	1
CGAAGCCTCTGTAATG-1	10x_multiomics	2396	1457	2.96327212020033	25068	11198	0.603060514722931	0.65	5.51153680924675	0.78	0.617773177583912	40578	6003	10500	2	2	2	2	0
CTACTAAAGGAGCATA-1	10x_multiomics	2571	1678	0.855698171917542	34733	16081	0.654711444408216	0.74	4.45498102764914	0.38	0.531150599461708	65392	10114	15652	4	4	4	4	1
TTAAGCCAGGCTAGAA-1	10x_multiomics	3270	1804	6.88073394495413	43060	17498	0.494727818259751	0.42	3.26098144279962	0.04	0.442830991999013	97238	14117	27461	0	0	0	1	0
AGGCAGGTCTCAATTC-1	10x_multiomics	15231	4692	19.5325323353687	34299	16325	0.697229140722291	0.81	3.80973749957708	0.15	0.492264194270624	69676	11106	15829	1	1	1	3	1
GCTAAGAAGTAAGGGC-1	10x_multiomics	3086	1611	16.7530784186649	5658	2824	0.420430107526882	0.25	6.28768821539909	0.91	0.719298245614035	7866	948	2227	2	2	2	5	0
AAGAATCAGCATGTCG-1	10x_multiomics	3301	1874	4.90760375643744	6238	3102	0.478991596638655	0.38	5.96776960413322	0.87	0.689281767955801	9050	1142	2496	2	2	2	5	0
TGCTAGCCAAAGGCCA-1	10x_multiomics	10916	4191	12.5137412971785	12114	6043	0.541816316059518	0.53	4.38705679347389	0.35	0.617746047934727	19610	2720	4912	1	1	1	0	1
ATCGCCCGTCCGCTGT-1	10x_multiomics	10967	3851	11.7534421446157	9283	4797	0.679284239504473	0.78	3.94570464500532	0.19	0.604676915059927	15352	2321	3476	1	1	1	0	1
ATCACAATCCTGAGTG-1	10x_multiomics	18803	5411	14.3913205339573	12359	6141	0.498557692307692	0.43	5.44490474560401	0.76	0.63699618596021	19402	2608	5276	3	3	3	0	1
GTACTAATCTACCTGC-1	10x_multiomics	3805	1989	2.04993429697766	11040	5352	0.462887989203779	0.34	6.12059696029156	0.89	0.683760683760684	16146	2049	4576	1	1	1	0	1
GTCATGCCATTGTGTG-1	10x_multiomics	3476	1713	2.76179516685846	20921	9794	0.606892687027178	0.66	5.79420579420579	0.84	0.606898352285913	34472	5306	8650	2	2	2	1	0
AAGCTCCCATAGTCAT-1	10x_multiomics	7175	3050	6.98257839721254	12482	6019	0.45687984496124	0.33	5.1046779307649	0.66	0.688168486051384	18138	2295	5070	0	0	0	2	0
ACCTGGTCACCTCACC-1	10x_multiomics	8883	3302	1.44095463244399	8669	4345	0.457498272287491	0.33	5.6296644531939	0.8	0.643673893673894	13468	1735	3596	4	4	4	0	1
AGGAAACGTGCTAGCG-1	10x_multiomics	6510	2677	13.1182795698925	6851	3481	0.443502824858757	0.3	4.57647615542351	0.44	0.660146463673155	10378	1286	2891	1	1	1	0	1
CCTTTAGTCAAGGACA-1	10x_multiomics	8706	3943	6.61612680909717	25040	11681	0.707434052757794	0.83	4.23868584245943	0.29	0.597128821481375	41934	6851	10077	4	4	4	4	1
AAGACATAGGACACTT-1	10x_multiomics	2383	1420	10.8686529584557	11277	5299	0.578972868217054	0.61	4.40511869083295	0.36	0.620024191774797	18188	2763	4774	1	1	1	0	1
AAGTGTTGTTAGGTTG-1	10x_multiomics	4071	2195	8.42544829280275	41086	17080	0.531944638613169	0.51	5.08033633033632	0.65	0.629092022661154	65310	9340	17431	0	0	0	1	0
ATGTAACGTACGGGTT-1	10x_multiomics	7933	3180	1.52527417118366	34239	16841	0.70071115146013	0.81	3.43125824924541	0.07	0.461317704122878	74220	12036	16989	3	3	3	4	1
TCCGGTAAGTGAACCT-1	10x_multiomics	9044	3667	7.79522335249889	8498	4371	0.567395906845448	0.58	4.77435607870391	0.52	0.574189189189189	14800	2051	3638	4	4	4	0	1
GCATTGCCATAGCGAG-1	10x_multiomics	3821	2184	3.82098926982465	31223	14342	0.704400219098046	0.82	3.61841830957023	0.1	0.545856643356643	57200	9412	13578	1	1	1	4	1
AGCAAGGGTGCTGGTG-1	10x_multiomics	8498	3528	2.71828665568369	59159	25209	0.637832780471209	0.71	4.30641523425029	0.32	0.509903464919841	116020	18445	28734	3	3	3	3	1
GTGAATCTCGCAACAT-1	10x_multiomics	8442	3276	3.16275764036958	21436	10467	0.749540722596448	0.88	4.62907056313649	0.46	0.573645900235496	37368	6071	8368	4	4	4	4	1
AAGCCACGTAGGTTGC-1	10x_multiomics	3467	1788	7.58580905682146	10878	5239	0.426182237600923	0.26	6.26672597475519	0.91	0.706088536933662	15406	1892	4400	2	2	2	2	0
GCTTTATTCATGAAGG-1	10x_multiomics	7788	3210	4.63533641499743	13210	6720	0.591713422529133	0.63	3.98242534164869	0.2	0.566272290809328	23328	3469	5619	3	3	3	3	1
GCGAGTGAGTCGCAAT-1	10x_multiomics	11210	4148	3.05084745762712	12614	6592	0.710479573712256	0.83	3.26726413682936	0.04	0.52262180974478	24136	3980	5654	3	3	3	0	1
GTGTGCGGTGAGCGAA-1	10x_multiomics	2568	1541	4.59501557632399	19676	9552	0.568053993250844	0.58	4.79520479520479	0.53	0.557614918097829	35286	5116	8882	2	2	2	1	0
ACCAAGCGTATTGAGT-1	10x_multiomics	1245	958	0.72289156626506	40124	18035	0.558981955292217	0.56	3.98086761723126	0.2	0.555380228663179	72246	10410	18710	1	1	1	3	1
AGGAACGGTTGTTCAC-1	10x_multiomics	7182	3194	7.35171261487051	13070	6074	0.32165725047081	0.14	6.52641476170891	0.93	0.646645557094795	20212	2134	6623	5	5	5	0	1
TGTTAGCAGCCTGACA-1	10x_multiomics	4947	2430	12.1892055791389	5373	2732	0.426605504587156	0.27	5.04879735648963	0.64	0.688316679477325	7806	952	2189	0	0	0	5	0
CTGTGTGAGTAACTCA-1	10x_multiomics	6178	2837	9.64713499514406	11031	5423	0.460033538289547	0.34	5.44423729137106	0.76	0.689523690461308	15998	2057	4387	1	1	1	0	1
CAGGAAGGTTGCTTCG-1	10x_multiomics	3070	1708	12.3127035830619	6368	3297	0.512280701754386	0.46	5.8393986965415	0.85	0.613369293007128	10382	1462	2780	2	2	2	5	0
CGGTTATAGTTAGCTA-1	10x_multiomics	3524	1889	6.58342792281498	25046	11765	0.865165759524988	0.96	4.42420827036211	0.37	0.528508124076809	47390	8487	9562	2	2	2	1	0
GAAGGATGTTAGGATT-1	10x_multiomics	5958	2577	2.83652232292716	11495	5767	0.539143279172821	0.52	4.77258590466139	0.52	0.548739736490357	20948	2955	5399	0	0	0	0	0
TGGGCCTAGGACAACA-1	10x_multiomics	4463	2143	5.62401971767869	23654	11188	0.796074432832016	0.92	4.70466242618137	0.49	0.548129953190898	43154	7515	9470	2	2	2	1	0
GATCGCTCATGTTTGG-1	10x_multiomics	6067	2448	2.35701335091479	27044	12426	0.700778642936596	0.81	4.61352901957655	0.45	0.576164301844987	46938	7609	10799	0	0	0	1	0
AGGTCTTAGCTTTGGG-1	10x_multiomics	7861	3323	7.39091718610864	36046	15658	0.811175337186898	0.93	4.05181116643568	0.23	0.563253953372086	63996	11190	13821	0	0	0	1	0
AATCCCTGTGGAAACG-1	10x_multiomics	5268	2356	4.55580865603645	17831	8627	0.665904761904762	0.76	4.41717013145585	0.37	0.592628290348312	30088	4757	7165	2	2	2	1	0
TCCTGGTTCTTGCAGG-1	10x_multiomics	14464	4423	9.81056415929204	22153	10841	0.573973663826491	0.6	3.9033693579148	0.18	0.555213032581454	39900	5690	9959	3	3	3	4	1
TAACCGGTCCTCAGCT-1	10x_multiomics	15532	4956	9.67035797064126	21083	10046	0.512970711297071	0.47	4.54700578924183	0.42	0.610818171282883	34516	4597	8944	3	3	3	3	1
TGGCTAAGTTCCGCAC-1	10x_multiomics	4823	2257	6.09579100145138	12019	6041	0.646728016359918	0.72	4.69821440695232	0.49	0.601913060897436	19968	3150	4671	0	0	0	2	0
TCAAACCAGTAGGCGG-1	10x_multiomics	3273	1996	5.40788267644363	21141	9691	0.539558665231432	0.53	4.93656761066233	0.59	0.620188922788078	34088	4865	8879	2	2	2	1	0
GCGGATACAGCACGAA-1	10x_multiomics	8731	4593	10.9036765548047	10006	5016	0.537542662116041	0.52	4.72027972027969	0.5	0.604957678355502	16540	2366	4282	1	1	1	0	1
TCAGGTTAGTCCTGAG-1	10x_multiomics	9059	3674	17.1983662655922	24519	11541	0.675061288165812	0.77	3.81247145339	0.15	0.551013528697919	44498	6998	10525	1	1	1	3	1
CTACTTAGTGTTGTGA-1	10x_multiomics	2199	1514	5.00227376080036	29756	13211	0.543683812405446	0.54	4.48240897679099	0.39	0.590373397881036	50402	7204	13006	1	1	1	3	1
TCTGTGACATAAGTCT-1	10x_multiomics	2332	1595	2.3156089193825	25185	11985	0.785309278350515	0.91	4.31889949131327	0.32	0.57455399917872	43834	7472	9299	1	1	1	4	1
CTTCGCGTCGTTAACA-1	10x_multiomics	1301	929	7.37893927747886	7686	3764	0.480857580398162	0.39	6.01031621439792	0.88	0.667767158992181	11510	1509	3125	1	1	1	0	1
CATAGACTCGGCCAGT-1	10x_multiomics	7903	3244	4.50461849930406	30937	14847	0.761411938643504	0.89	3.73054936949458	0.13	0.515874603968651	59970	9917	13188	1	1	1	3	1
CTTGCAACACCTGCTC-1	10x_multiomics	7735	3233	5.63671622495152	26172	12272	0.63036303630363	0.7	4.48032359797066	0.39	0.570047046523785	45912	6914	11194	1	1	1	4	1
CATTGCGAGACTAAGG-1	10x_multiomics	8630	3371	7.78679026651217	23892	11485	0.485352862849534	0.4	4.18174201165405	0.27	0.588879029872819	40572	5315	11221	1	1	1	4	1
TTTACGCGTTTGAGGC-1	10x_multiomics	5742	2472	14.367816091954	6346	3165	0.374379344587885	0.18	6.92006406292125	0.96	0.725422953818016	8748	1007	2551	0	0	0	5	0
GGCAAATCACAATACT-1	10x_multiomics	6666	3010	2.46024602460246	7081	3708	0.678571428571429	0.78	4.03596403596405	0.22	0.571140506533312	12398	1850	2753	1	1	1	0	1
